-- --------------------------------------------------------
-- Host:                         127.0.0.1
-- Versión del servidor:         10.1.34-MariaDB - mariadb.org binary distribution
-- SO del servidor:              Win32
-- HeidiSQL Versión:             9.5.0.5196
-- --------------------------------------------------------

/*!40101 SET @OLD_CHARACTER_SET_CLIENT=@@CHARACTER_SET_CLIENT */;
/*!40101 SET NAMES utf8 */;
/*!50503 SET NAMES utf8mb4 */;
/*!40014 SET @OLD_FOREIGN_KEY_CHECKS=@@FOREIGN_KEY_CHECKS, FOREIGN_KEY_CHECKS=0 */;
/*!40101 SET @OLD_SQL_MODE=@@SQL_MODE, SQL_MODE='NO_AUTO_VALUE_ON_ZERO' */;

-- Volcando datos para la tabla assistoperaciones.asignacion: ~0 rows (aproximadamente)
DELETE FROM `asignacion`;
/*!40000 ALTER TABLE `asignacion` DISABLE KEYS */;
/*!40000 ALTER TABLE `asignacion` ENABLE KEYS */;

-- Volcando datos para la tabla assistoperaciones.cargos: ~22 rows (aproximadamente)
DELETE FROM `cargos`;
/*!40000 ALTER TABLE `cargos` DISABLE KEYS */;
INSERT INTO `cargos` (`CargosID`, `CargosNombre`, `CargosDescripcion`, `created_at`, `updated_at`, `CargosUsuario`, `CargosEstado`) VALUES
	(1, 'ADMINISTRADOR DE TI', NULL, '2018-07-11 16:30:39', '2018-07-11 16:30:39', NULL, 1),
	(2, 'ADMINISTRADORA DE PLATAFORMAS', NULL, '2018-07-11 16:30:39', '2018-07-11 16:30:39', NULL, 1),
	(3, 'APRENDIZ SENA', NULL, '2018-07-11 16:30:39', '2018-07-11 16:30:39', NULL, 1),
	(4, 'ARQUITECTO DE DATOS', NULL, '2018-07-11 16:30:39', '2018-07-11 16:30:39', NULL, 1),
	(5, 'ARQUITECTO DE INTEGRACIÓN', NULL, '2018-07-11 16:30:39', '2018-07-11 16:30:39', NULL, 1),
	(6, 'ASISTENTE DE OPERACIONES Y PROYECTOS', NULL, '2018-07-11 16:30:39', '2018-07-11 16:30:39', NULL, 1),
	(7, 'AUXILIAR DE SISTEMAS', NULL, '2018-07-11 16:30:39', '2018-07-11 16:30:39', NULL, 1),
	(8, 'CONSULTOR DE INFRAESTRUCTURA', NULL, '2018-07-11 16:30:39', '2018-07-11 16:30:39', NULL, 1),
	(9, 'CONSULTOR ESTANDAR', NULL, '2018-07-11 16:30:39', '2018-07-11 16:30:39', NULL, 1),
	(10, 'CONSULTOR ESTÁNDAR', NULL, '2018-07-11 16:30:39', '2018-07-11 16:30:39', NULL, 1),
	(11, 'CONSULTOR JUNIOR', NULL, '2018-07-11 16:30:39', '2018-07-11 16:30:39', NULL, 1),
	(12, 'CONSULTOR QA', NULL, '2018-07-11 16:30:39', '2018-07-11 16:30:39', NULL, 1),
	(13, 'CONSULTOR SEMILLERO', NULL, '2018-07-11 16:30:39', '2018-07-11 16:30:39', NULL, 1),
	(14, 'CONSULTOR SENIOR', NULL, '2018-07-11 16:30:39', '2018-08-09 15:10:38', NULL, 1),
	(15, 'DIRECTORA DE INNOVACIÓN', NULL, '2018-07-11 16:30:39', '2018-07-11 16:30:39', NULL, 1),
	(16, 'GERENTE DE OPERACIONES Y PROYECTOS', NULL, '2018-07-11 16:30:39', '2018-07-11 16:30:39', NULL, 1),
	(17, 'GERENTE DE PROYECTO', NULL, '2018-07-11 16:30:39', '2018-07-11 16:30:39', NULL, 1),
	(18, 'GERENTE TECNICO', NULL, '2018-07-11 16:30:39', '2018-07-11 16:30:39', NULL, 1),
	(19, 'LIDER TECNICO', NULL, '2018-07-11 16:30:39', '2018-07-11 16:30:39', NULL, 1),
	(20, 'PRACTICANTE', NULL, '2018-07-11 16:30:39', '2018-07-11 16:30:39', NULL, 1),
	(21, 'TECNICO EN SOPORTE E INFRAESTRUCTURA', NULL, '2018-07-11 16:30:39', '2018-07-11 16:30:39', NULL, 1),
	(22, 'DIRECTOR DE TI', NULL, '2018-10-01 14:37:15', '2018-10-01 14:37:15', NULL, 1);
/*!40000 ALTER TABLE `cargos` ENABLE KEYS */;

-- Volcando datos para la tabla assistoperaciones.cargpers: ~111 rows (aproximadamente)
DELETE FROM `cargpers`;
/*!40000 ALTER TABLE `cargpers` DISABLE KEYS */;
INSERT INTO `cargpers` (`CargPersID`, `cargos_CargosID`, `personas_PersonasID`, `CargPersFechaInicio`, `CargPersFechaFin`, `CargPersPruebaInicio`, `CargPersPruebaFin`, `CargPersUsuario`, `created_at`, `updated_at`, `CargPersEstado`) VALUES
	(1, 1, 32, NULL, NULL, NULL, NULL, NULL, '2018-07-11 16:32:29', '2018-07-11 16:32:29', 1),
	(2, 2, 53, NULL, NULL, NULL, NULL, NULL, '2018-07-11 16:32:29', '2018-07-11 16:32:29', 1),
	(3, 3, 85, NULL, NULL, NULL, NULL, NULL, '2018-07-11 16:32:29', '2018-07-11 16:32:29', 1),
	(4, 3, 89, NULL, NULL, NULL, NULL, NULL, '2018-07-11 16:32:29', '2018-07-11 16:32:29', 1),
	(5, 4, 70, NULL, NULL, NULL, NULL, NULL, '2018-07-11 16:32:29', '2018-07-11 16:32:29', 1),
	(6, 5, 59, NULL, NULL, NULL, NULL, NULL, '2018-07-11 16:32:29', '2018-07-11 16:32:29', 1),
	(7, 6, 74, NULL, NULL, NULL, NULL, NULL, '2018-07-11 16:32:29', '2018-07-11 16:32:29', 1),
	(8, 7, 30, NULL, NULL, NULL, NULL, NULL, '2018-07-11 16:32:29', '2018-07-11 16:32:29', 1),
	(9, 8, 4, NULL, NULL, NULL, NULL, NULL, '2018-07-11 16:32:29', '2018-07-11 16:32:29', 1),
	(10, 9, 6, NULL, NULL, NULL, NULL, NULL, '2018-07-11 16:32:29', '2018-07-11 16:32:29', 1),
	(11, 9, 9, NULL, NULL, NULL, NULL, NULL, '2018-07-11 16:32:29', '2018-07-11 16:32:29', 1),
	(12, 9, 15, NULL, NULL, NULL, NULL, NULL, '2018-07-11 16:32:29', '2018-07-11 16:32:29', 1),
	(13, 9, 22, NULL, NULL, NULL, NULL, NULL, '2018-07-11 16:32:29', '2018-07-11 16:32:29', 1),
	(14, 9, 25, NULL, NULL, NULL, NULL, NULL, '2018-07-11 16:32:29', '2018-07-11 16:32:29', 1),
	(15, 9, 26, NULL, NULL, NULL, NULL, NULL, '2018-07-11 16:32:29', '2018-07-11 16:32:29', 1),
	(16, 9, 34, NULL, NULL, NULL, NULL, NULL, '2018-07-11 16:32:29', '2018-07-11 16:32:29', 1),
	(17, 9, 43, NULL, NULL, NULL, NULL, NULL, '2018-07-11 16:32:29', '2018-07-17 11:24:41', 0),
	(18, 9, 48, NULL, NULL, NULL, NULL, NULL, '2018-07-12 12:30:55', '2018-07-17 11:24:41', 0),
	(19, 9, 54, NULL, NULL, NULL, NULL, NULL, '2018-07-11 16:32:29', '2018-07-11 16:32:29', 1),
	(20, 17, 56, NULL, NULL, NULL, NULL, NULL, '2018-07-11 16:32:29', '2018-10-01 15:43:06', 1),
	(21, 9, 61, NULL, NULL, NULL, NULL, NULL, '2018-07-11 16:32:29', '2018-07-11 16:32:29', 1),
	(22, 9, 62, NULL, NULL, NULL, NULL, NULL, '2018-07-11 16:32:29', '2018-07-11 16:32:29', 1),
	(23, 9, 65, NULL, NULL, NULL, NULL, NULL, '2018-07-11 16:32:29', '2018-07-11 16:32:29', 1),
	(24, 9, 72, NULL, NULL, NULL, NULL, NULL, '2018-07-11 16:32:29', '2018-07-11 16:32:29', 1),
	(25, 9, 79, NULL, NULL, NULL, NULL, NULL, '2018-07-11 16:32:29', '2018-07-11 16:32:29', 1),
	(26, 9, 86, NULL, NULL, NULL, NULL, NULL, '2018-07-11 16:32:29', '2018-07-11 16:32:29', 1),
	(27, 9, 90, NULL, NULL, NULL, NULL, NULL, '2018-07-11 16:32:29', '2018-07-11 16:32:29', 1),
	(28, 9, 93, NULL, NULL, NULL, NULL, NULL, '2018-07-12 12:30:55', '2018-08-02 15:44:05', 0),
	(29, 9, 97, NULL, NULL, NULL, NULL, NULL, '2018-08-02 15:20:55', '2018-08-02 15:20:55', 1),
	(30, 9, 77, NULL, NULL, NULL, NULL, NULL, '2018-07-11 16:32:29', '2018-08-03 10:59:36', 1),
	(31, 11, 19, NULL, NULL, NULL, NULL, NULL, '2018-07-11 16:32:29', '2018-07-11 16:32:29', 1),
	(32, 11, 20, NULL, NULL, NULL, NULL, NULL, '2018-07-11 16:32:29', '2018-07-11 16:32:29', 1),
	(33, 11, 23, NULL, NULL, NULL, NULL, NULL, '2018-07-11 16:32:29', '2018-07-17 11:24:42', 0),
	(34, 11, 24, NULL, NULL, NULL, NULL, NULL, '2018-07-11 16:32:29', '2018-07-11 16:32:29', 1),
	(35, 11, 27, NULL, NULL, NULL, NULL, NULL, '2018-07-11 16:32:29', '2018-07-17 11:24:42', 0),
	(36, 11, 29, NULL, NULL, NULL, NULL, NULL, '2018-07-11 16:32:29', '2018-07-11 16:32:29', 1),
	(37, 11, 33, NULL, NULL, NULL, NULL, NULL, '2018-07-11 16:32:29', '2018-07-11 16:32:29', 1),
	(38, 11, 35, NULL, NULL, NULL, NULL, NULL, '2018-07-11 16:32:29', '2018-07-17 11:24:42', 0),
	(39, 11, 36, NULL, NULL, NULL, NULL, NULL, '2018-07-11 16:32:29', '2018-07-11 16:32:29', 1),
	(40, 11, 41, NULL, NULL, NULL, NULL, NULL, '2018-07-11 16:32:29', '2018-08-02 15:44:29', 0),
	(41, 11, 44, NULL, NULL, NULL, NULL, NULL, '2018-07-11 16:32:29', '2018-07-11 16:32:29', 1),
	(42, 11, 48, NULL, NULL, NULL, NULL, NULL, '2018-07-11 16:32:29', '2018-07-17 11:24:41', 0),
	(43, 11, 51, NULL, NULL, NULL, NULL, NULL, '2018-07-11 16:32:29', '2018-07-17 11:24:42', 0),
	(44, 11, 58, NULL, NULL, NULL, NULL, NULL, '2018-07-11 16:32:29', '2018-07-11 16:32:29', 1),
	(45, 11, 67, NULL, NULL, NULL, NULL, NULL, '2018-07-11 16:32:29', '2018-07-17 11:24:42', 0),
	(46, 11, 69, NULL, NULL, NULL, NULL, NULL, '2018-07-11 16:32:29', '2018-07-17 11:24:42', 0),
	(47, 11, 71, NULL, NULL, NULL, NULL, NULL, '2018-07-11 16:32:29', '2018-07-17 11:24:42', 0),
	(48, 11, 76, NULL, NULL, NULL, NULL, NULL, '2018-07-11 16:32:29', '2018-07-11 16:32:29', 1),
	(49, 11, 82, NULL, NULL, NULL, NULL, NULL, '2018-07-11 16:32:29', '2018-07-17 11:24:42', 0),
	(50, 11, 87, NULL, NULL, NULL, NULL, NULL, '2018-07-12 12:30:55', '2018-07-17 11:24:41', 0),
	(51, 11, 92, NULL, NULL, NULL, NULL, NULL, '2018-07-11 16:32:29', '2018-07-11 16:32:29', 1),
	(52, 11, 94, NULL, NULL, NULL, NULL, NULL, '2018-08-02 15:19:31', '2018-08-02 15:19:31', 1),
	(53, 11, 95, NULL, NULL, NULL, NULL, NULL, '2018-07-18 10:58:41', '2018-07-18 10:58:41', 1),
	(54, 11, 96, NULL, NULL, NULL, NULL, NULL, '2018-08-02 15:20:25', '2018-08-02 15:20:25', 1),
	(55, 12, 42, NULL, NULL, NULL, NULL, NULL, '2018-07-11 16:32:29', '2018-07-11 16:32:29', 1),
	(56, 12, 91, NULL, NULL, NULL, NULL, NULL, '2018-07-11 16:32:29', '2018-07-11 16:32:29', 1),
	(57, 13, 1, NULL, NULL, NULL, NULL, NULL, '2018-07-11 16:32:29', '2018-07-11 16:32:29', 1),
	(58, 13, 3, NULL, NULL, NULL, NULL, NULL, '2018-07-11 16:32:29', '2018-07-11 16:32:29', 1),
	(59, 13, 7, NULL, NULL, NULL, NULL, NULL, '2018-07-11 16:32:29', '2018-07-11 16:32:29', 1),
	(60, 13, 10, NULL, NULL, NULL, NULL, NULL, '2018-07-11 16:32:29', '2018-07-11 16:32:29', 1),
	(61, 13, 11, NULL, NULL, NULL, NULL, NULL, '2018-07-11 16:32:29', '2018-07-11 16:32:29', 1),
	(62, 13, 12, NULL, NULL, NULL, NULL, NULL, '2018-07-11 16:32:29', '2018-08-02 15:44:39', 0),
	(63, 13, 16, NULL, NULL, NULL, NULL, NULL, '2018-07-11 16:32:29', '2018-07-11 16:32:29', 1),
	(64, 13, 21, NULL, NULL, NULL, NULL, NULL, '2018-07-11 16:32:29', '2018-08-02 15:44:48', 0),
	(65, 13, 31, NULL, NULL, NULL, NULL, NULL, '2018-07-11 16:32:29', '2018-07-17 11:24:42', 0),
	(66, 13, 46, NULL, NULL, NULL, NULL, NULL, '2018-07-11 16:32:29', '2018-07-11 16:32:29', 1),
	(67, 13, 47, NULL, NULL, NULL, NULL, NULL, '2018-07-11 16:32:29', '2018-07-11 16:32:29', 1),
	(68, 13, 52, NULL, NULL, NULL, NULL, NULL, '2018-07-11 16:32:29', '2018-07-11 16:32:29', 1),
	(69, 13, 55, NULL, NULL, NULL, NULL, NULL, '2018-07-11 16:32:29', '2018-07-11 16:32:29', 1),
	(70, 13, 60, NULL, NULL, NULL, NULL, NULL, '2018-07-11 16:32:29', '2018-07-11 16:32:29', 1),
	(71, 13, 64, NULL, NULL, NULL, NULL, NULL, '2018-07-11 16:32:29', '2018-07-11 16:32:29', 1),
	(72, 13, 73, NULL, NULL, NULL, NULL, NULL, '2018-07-11 16:32:29', '2018-07-11 16:32:29', 1),
	(73, 13, 78, NULL, NULL, NULL, NULL, NULL, '2018-07-11 16:32:29', '2018-07-11 16:32:29', 1),
	(74, 13, 80, NULL, NULL, NULL, NULL, NULL, '2018-07-11 16:32:29', '2018-07-11 16:32:29', 1),
	(75, 13, 88, NULL, NULL, NULL, NULL, NULL, '2018-07-11 16:32:29', '2018-07-17 11:33:51', 0),
	(76, 14, 2, NULL, NULL, NULL, NULL, NULL, '2018-07-11 16:32:29', '2018-07-11 16:32:29', 1),
	(77, 14, 8, NULL, NULL, NULL, NULL, NULL, '2018-07-11 16:32:29', '2018-07-17 11:24:42', 0),
	(78, 14, 13, NULL, NULL, NULL, NULL, NULL, '2018-07-11 16:32:29', '2018-07-11 16:32:29', 1),
	(79, 14, 18, NULL, NULL, NULL, NULL, NULL, '2018-07-11 16:32:29', '2018-07-11 16:32:29', 1),
	(80, 14, 28, NULL, NULL, NULL, NULL, NULL, '2018-07-11 16:32:29', '2018-07-11 16:32:29', 1),
	(81, 14, 38, NULL, NULL, NULL, NULL, NULL, '2018-07-11 16:32:29', '2018-07-11 16:32:29', 1),
	(82, 14, 39, NULL, NULL, NULL, NULL, NULL, '2018-07-11 16:32:29', '2018-07-11 16:32:29', 1),
	(83, 14, 43, NULL, NULL, NULL, NULL, NULL, '2018-07-12 12:30:55', '2018-07-17 11:24:41', 0),
	(84, 14, 45, NULL, NULL, NULL, NULL, NULL, '2018-07-11 16:32:29', '2018-07-11 16:32:29', 1),
	(85, 14, 49, NULL, NULL, NULL, NULL, NULL, '2018-07-11 16:32:29', '2018-07-11 16:32:29', 1),
	(86, 14, 50, NULL, NULL, NULL, NULL, NULL, '2018-07-11 16:32:29', '2018-07-11 16:32:29', 1),
	(87, 14, 66, NULL, NULL, NULL, NULL, NULL, '2018-07-11 16:32:29', '2018-07-11 16:32:29', 1),
	(88, 14, 68, NULL, NULL, NULL, NULL, NULL, '2018-07-11 16:32:29', '2018-07-17 11:24:42', 0),
	(89, 14, 81, NULL, NULL, NULL, NULL, NULL, '2018-07-11 16:32:29', '2018-07-11 16:32:29', 1),
	(90, 14, 87, NULL, NULL, NULL, NULL, NULL, '2018-07-11 16:32:29', '2018-07-17 11:24:41', 0),
	(91, 14, 88, NULL, NULL, NULL, NULL, NULL, '2018-07-12 12:30:55', '2018-08-02 15:44:57', 0),
	(92, 15, 17, NULL, NULL, NULL, NULL, NULL, '2018-07-11 16:32:29', '2018-07-11 16:32:29', 1),
	(93, 16, 84, NULL, NULL, NULL, NULL, NULL, '2018-07-11 16:32:29', '2018-08-02 15:43:53', 1),
	(94, 17, 5, NULL, NULL, NULL, NULL, NULL, '2018-07-11 16:32:29', '2018-07-11 16:32:29', 1),
	(95, 17, 14, NULL, NULL, NULL, NULL, NULL, '2018-07-11 16:32:29', '2018-07-11 16:32:29', 1),
	(96, 17, 57, NULL, NULL, NULL, NULL, NULL, '2018-07-11 16:32:29', '2018-08-02 15:45:04', 0),
	(97, 17, 98, NULL, NULL, NULL, NULL, NULL, '2018-08-02 15:22:21', '2018-08-02 15:22:21', 1),
	(98, 18, 37, NULL, NULL, NULL, NULL, NULL, '2018-07-11 16:32:29', '2018-07-11 16:32:29', 1),
	(99, 19, 40, NULL, NULL, NULL, NULL, NULL, '2018-07-11 16:32:29', '2018-07-11 16:32:29', 1),
	(100, 19, 63, NULL, NULL, NULL, NULL, NULL, '2018-07-11 16:32:29', '2018-07-11 16:32:29', 1),
	(101, 20, 75, NULL, NULL, NULL, NULL, NULL, '2018-07-11 16:32:29', '2018-07-11 16:32:29', 1),
	(102, 21, 83, NULL, NULL, NULL, NULL, NULL, '2018-07-11 16:32:29', '2018-07-11 16:32:29', 1),
	(103, 14, 99, NULL, NULL, NULL, NULL, NULL, '2018-08-13 13:55:13', '2018-08-13 13:55:13', 1),
	(104, 9, 100, NULL, NULL, NULL, NULL, NULL, '2018-08-13 13:56:19', '2018-08-13 13:56:19', 1),
	(105, 19, 101, NULL, NULL, NULL, NULL, NULL, '2018-08-13 13:56:54', '2018-08-13 13:56:54', 1),
	(106, 9, 102, NULL, NULL, NULL, NULL, NULL, '2018-08-27 10:06:23', '2018-08-27 10:06:23', 1),
	(107, 14, 103, NULL, NULL, NULL, NULL, NULL, '2018-08-27 10:42:12', '2018-08-27 10:42:12', 1),
	(108, 9, 104, NULL, NULL, NULL, NULL, NULL, '2018-08-27 10:42:29', '2018-08-27 10:42:29', 1),
	(110, 14, 105, NULL, NULL, NULL, NULL, NULL, '2018-09-20 11:31:55', '2018-09-20 11:31:55', 1),
	(111, 11, 107, NULL, NULL, NULL, NULL, NULL, '2018-10-01 14:36:24', '2018-10-01 14:36:24', 1),
	(113, 22, 106, NULL, NULL, NULL, NULL, NULL, '2018-10-01 14:37:31', '2018-10-01 14:37:36', 1);
/*!40000 ALTER TABLE `cargpers` ENABLE KEYS */;

-- Volcando datos para la tabla assistoperaciones.cliente: ~29 rows (aproximadamente)
DELETE FROM `cliente`;
/*!40000 ALTER TABLE `cliente` DISABLE KEYS */;
INSERT INTO `cliente` (`cliID`, `cliNombre`, `cliCod`, `created_at`, `updated_at`, `cli_Usuario`, `cli_Estado`) VALUES
	(1, 'COBISCORP COLOMBIA S.A.', '015', '2018-08-09 16:51:00', '2018-08-09 16:51:00', NULL, 1),
	(2, 'IBMCOLOMBIA', '016', '2018-08-09 16:51:00', '2018-09-05 15:08:13', NULL, 1),
	(3, 'ASSIST', '024', '2018-08-09 16:51:00', '2018-08-09 16:51:00', NULL, 1),
	(4, 'SODIMACCOLOMBIAS.A.', '029', '2018-08-09 16:51:00', '2018-09-05 15:18:01', NULL, 1),
	(5, 'ATH', '046', '2018-08-09 16:51:00', '2018-09-05 15:18:01', NULL, 1),
	(6, 'BANCOPOPULAR', '078', '2018-08-09 16:51:00', '2018-09-05 15:18:02', NULL, 1),
	(7, 'CORREDOR EMPRESARIAL', '079', '2018-08-09 16:51:00', '2018-08-09 16:51:00', NULL, 1),
	(8, 'NEXSYS DE COLOMBIA S.A', '087', '2018-08-09 16:51:00', '2018-08-09 16:51:00', NULL, 1),
	(9, 'SSSTSAS', '089', '2018-08-09 16:51:00', '2018-09-05 15:18:02', NULL, 1),
	(10, 'BANCODEBOGOTA', '090', '2018-08-09 16:51:00', '2018-09-05 15:18:02', NULL, 1),
	(11, 'VIRTUALRISTS.A.S.', '108', '2018-08-09 16:51:00', '2018-09-05 15:18:02', NULL, 1),
	(12, 'PROTECSA', '109', '2018-08-09 16:51:00', '2018-08-09 16:51:00', NULL, 1),
	(13, 'BANCOGENERAL', '111', '2018-08-09 16:51:00', '2018-09-05 15:18:02', NULL, 1),
	(14, 'EXPERIAN', '114', '2018-08-09 16:51:00', '2018-09-05 15:18:02', NULL, 1),
	(15, 'BANCODELAREPÚBLICA', '116', '2018-08-09 16:51:00', '2018-09-05 15:18:02', NULL, 1),
	(16, 'MYQ', '117', '2018-08-09 16:51:00', '2018-08-09 16:51:00', NULL, 1),
	(17, 'SGS', '119', '2018-08-09 16:51:00', '2018-08-09 16:51:00', NULL, 1),
	(18, 'BANCOMPARTIR', '120', '2018-08-09 16:51:00', '2018-09-05 15:18:02', NULL, 1),
	(19, 'EVOLUTION', '123', '2018-08-09 16:51:00', '2018-09-05 15:18:02', NULL, 1),
	(20, 'BAC_COSTARICA', '125', '2018-08-09 16:51:00', '2018-09-05 15:18:02', NULL, 1),
	(21, 'ACTIVOS', '126', '2018-08-09 16:51:00', '2018-08-09 16:51:00', NULL, 1),
	(22, 'CARDIF', '128', '2018-08-09 16:51:00', '2018-08-09 16:51:00', NULL, 1),
	(23, 'INVERSTARCK', '129', '2018-08-09 16:51:00', '2018-09-05 15:18:02', NULL, 1),
	(24, 'SCIENCEYTECHNOLOGY', '130', '2018-08-09 16:51:00', '2018-09-05 15:18:02', NULL, 1),
	(25, 'INNOVACION', '131', '2018-08-09 16:51:00', '2018-09-05 15:21:49', NULL, 1),
	(26, 'BANCOFINANDINA', '132', '2018-08-09 16:51:00', '2018-09-05 15:18:02', NULL, 1),
	(27, 'SERINTECH', '133', '2018-08-09 16:51:00', '2018-09-05 15:18:02', NULL, 1),
	(28, 'IDEMIACOLOMBIAS.A.S.', '134', '2018-08-09 16:51:00', '2018-09-05 15:18:02', NULL, 1),
	(29, 'ITAHU', '091', '2018-09-05 15:18:36', '2018-09-05 15:21:58', NULL, 1);
/*!40000 ALTER TABLE `cliente` ENABLE KEYS */;

-- Volcando datos para la tabla assistoperaciones.contratos: ~5 rows (aproximadamente)
DELETE FROM `contratos`;
/*!40000 ALTER TABLE `contratos` DISABLE KEYS */;
INSERT INTO `contratos` (`ContId`, `ContTipo`, `ContDescripcion`, `created_at`, `updated_at`, `ContUsuario`, `ContEstado`) VALUES
	(1, 'FIJO A 6 MESES', 'CONTRATO EN EL QUE SE TIENE EN CUENTA UNA FECHA DE FINALIZACION', '2018-07-11 16:38:17', '2018-07-12 15:50:48', NULL, 1),
	(2, 'INDEFINIDO', 'CONTRATO EN EL QUE NO SE TIENE EN CUENTA UNA FECHA DE FINALIZACION', '2018-07-11 16:38:33', '2018-07-11 16:38:50', NULL, 1),
	(3, 'APRENDIZAJE', 'CONTRATO PARA APRENDICES SENA', '2018-07-11 16:39:10', '2018-07-11 16:39:10', NULL, 1),
	(4, 'PRESTACION DE SERVICIOS', 'CONTRATO EN EL QUE SE PAGA POR LAS FUNCIONES REALIZADAS', '2018-07-11 16:39:29', '2018-07-11 16:40:43', NULL, 1),
	(5, 'FIJO A 3 MESES', NULL, '2018-07-12 15:51:02', '2018-07-12 15:51:02', NULL, 1);
/*!40000 ALTER TABLE `contratos` ENABLE KEYS */;

-- Volcando datos para la tabla assistoperaciones.empresa: ~2 rows (aproximadamente)
DELETE FROM `empresa`;
/*!40000 ALTER TABLE `empresa` DISABLE KEYS */;
INSERT INTO `empresa` (`EmpId`, `EmpNombre`, `created_at`, `updated_at`, `EmpUsuario`, `EmpEstado`) VALUES
	(1, 'ASSIST CONSULTORES', '2018-10-02 11:23:41', '2018-10-02 11:23:41', NULL, 1),
	(2, 'AOS', '2018-10-02 11:24:18', '2018-10-02 11:24:18', NULL, 1);
/*!40000 ALTER TABLE `empresa` ENABLE KEYS */;

-- Volcando datos para la tabla assistoperaciones.factproyec: ~0 rows (aproximadamente)
DELETE FROM `factproyec`;
/*!40000 ALTER TABLE `factproyec` DISABLE KEYS */;
/*!40000 ALTER TABLE `factproyec` ENABLE KEYS */;

-- Volcando datos para la tabla assistoperaciones.gerenproyec: ~31 rows (aproximadamente)
DELETE FROM `gerenproyec`;
/*!40000 ALTER TABLE `gerenproyec` DISABLE KEYS */;
INSERT INTO `gerenproyec` (`GerenProyecID`, `Gerente_GerenteID`, `Proyecto_ProyID`, `GerenProyecFechaInic`, `GerenProyecFechaFin`, `created_at`, `updated_at`, `GerenProyec_Usuario`, `GerenProyec_Estado`) VALUES
	(1, 4, 27, NULL, NULL, '2018-10-01 16:35:18', '2018-10-01 16:35:18', NULL, 1),
	(2, 2, 30, NULL, NULL, '2018-10-01 16:35:34', '2018-10-01 16:35:34', NULL, 1),
	(3, 1, 1, NULL, NULL, '2018-10-01 16:35:42', '2018-10-01 16:35:42', NULL, 1),
	(4, 5, 2, NULL, NULL, '2018-10-01 16:36:39', '2018-10-01 16:36:39', NULL, 1),
	(5, 3, 3, NULL, NULL, '2018-10-01 16:36:52', '2018-10-01 16:36:52', NULL, 1),
	(6, 3, 4, NULL, NULL, '2018-10-01 16:37:02', '2018-10-01 16:37:02', NULL, 1),
	(7, 3, 5, NULL, NULL, '2018-10-01 16:37:09', '2018-10-01 16:37:09', NULL, 1),
	(8, 2, 6, NULL, NULL, '2018-10-01 16:37:23', '2018-10-01 16:37:23', NULL, 1),
	(9, 2, 7, NULL, NULL, '2018-10-01 16:37:34', '2018-10-01 16:37:34', NULL, 1),
	(10, 2, 8, NULL, NULL, '2018-10-01 16:37:42', '2018-10-01 16:37:42', NULL, 1),
	(11, 4, 9, NULL, NULL, '2018-10-01 16:37:52', '2018-10-01 16:37:52', NULL, 1),
	(12, 4, 10, NULL, NULL, '2018-10-01 16:38:03', '2018-10-01 16:38:03', NULL, 1),
	(13, 4, 11, NULL, NULL, '2018-10-01 16:38:13', '2018-10-01 16:38:13', NULL, 1),
	(14, 4, 12, NULL, NULL, '2018-10-01 16:38:26', '2018-10-01 16:38:26', NULL, 1),
	(15, 4, 13, NULL, NULL, '2018-10-01 16:38:33', '2018-10-01 16:38:33', NULL, 1),
	(16, 1, 14, NULL, NULL, '2018-10-01 16:38:47', '2018-10-01 16:38:47', NULL, 1),
	(17, 2, 15, NULL, NULL, '2018-10-01 16:38:57', '2018-10-01 16:38:57', NULL, 1),
	(18, 2, 16, NULL, NULL, '2018-10-01 16:39:04', '2018-10-01 16:39:04', NULL, 1),
	(19, 2, 17, NULL, NULL, '2018-10-01 16:39:12', '2018-10-01 16:39:12', NULL, 1),
	(20, 4, 18, NULL, NULL, '2018-10-01 16:39:28', '2018-10-01 16:39:28', NULL, 1),
	(21, 4, 19, NULL, NULL, '2018-10-01 16:40:13', '2018-10-01 16:40:13', NULL, 1),
	(22, 3, 21, NULL, NULL, '2018-10-01 16:40:27', '2018-10-01 16:40:27', NULL, 1),
	(23, 3, 22, NULL, NULL, '2018-10-01 16:40:33', '2018-10-01 16:40:33', NULL, 1),
	(24, 3, 23, NULL, NULL, '2018-10-01 16:40:40', '2018-10-01 16:40:40', NULL, 1),
	(25, 4, 24, NULL, NULL, '2018-10-01 16:40:52', '2018-10-01 16:40:52', NULL, 1),
	(26, 3, 25, NULL, NULL, '2018-10-01 16:41:02', '2018-10-01 16:41:02', NULL, 1),
	(27, 4, 26, NULL, NULL, '2018-10-01 16:41:10', '2018-10-01 16:41:10', NULL, 1),
	(28, 4, 28, NULL, NULL, '2018-10-01 16:41:28', '2018-10-01 16:41:28', NULL, 1),
	(29, 3, 31, NULL, NULL, '2018-10-01 16:42:27', '2018-10-01 16:42:27', NULL, 1),
	(30, 2, 32, NULL, NULL, '2018-10-01 16:42:35', '2018-10-01 16:42:35', NULL, 1),
	(31, 2, 34, NULL, NULL, '2018-10-01 16:42:47', '2018-10-01 16:42:47', NULL, 1);
/*!40000 ALTER TABLE `gerenproyec` ENABLE KEYS */;

-- Volcando datos para la tabla assistoperaciones.gerente: ~5 rows (aproximadamente)
DELETE FROM `gerente`;
/*!40000 ALTER TABLE `gerente` DISABLE KEYS */;
INSERT INTO `gerente` (`GerenteID`, `GerenteNombre`, `GerenteFechaInicio`, `GerenteFechaFin`, `created_at`, `updated_at`, `Gerente_Usuario`, `Gerente_estado`) VALUES
	(1, 'ROSERO GARCERA LORENA ISABEL', NULL, NULL, '2018-10-01 15:45:16', '2018-10-01 15:45:16', NULL, 1),
	(2, 'DIAZ BONILLA CARLOS ARTURO', NULL, NULL, '2018-10-01 15:45:38', '2018-10-01 15:45:38', NULL, 1),
	(3, 'ROBAYO CASTILLO LUIS ENRIQUE', NULL, NULL, '2018-10-01 15:46:00', '2018-10-01 15:46:00', NULL, 1),
	(4, 'LIMAS SANTISTEBAN SANDRA PAOLA', NULL, NULL, '2018-10-01 16:34:51', '2018-10-01 16:34:51', NULL, 1),
	(5, 'LEDESMA VARGAS DIANA CAROLINA', NULL, NULL, '2018-10-01 16:36:25', '2018-10-01 16:36:25', NULL, 1);
/*!40000 ALTER TABLE `gerente` ENABLE KEYS */;

-- Volcando datos para la tabla assistoperaciones.habilidades: ~215 rows (aproximadamente)
DELETE FROM `habilidades`;
/*!40000 ALTER TABLE `habilidades` DISABLE KEYS */;
INSERT INTO `habilidades` (`HabilidadesID`, `HabilidadesNombre`, `HabilidadesTipo`, `created_at`, `updated_at`, `HabilidadesUsuario`, `HabilidadesEstado`) VALUES
	(1, 'ADMINISTRACIÓN DE TI', 'HERRAMIENTA', '2018-07-11 16:30:40', '2018-07-11 16:30:40', NULL, 1),
	(2, 'AMAZON WEB SERVICE', 'HERRAMIENTA', '2018-07-11 16:30:40', '2018-07-11 16:30:40', NULL, 1),
	(3, 'ANSIBLE', 'HERRAMIENTA', '2018-07-11 16:30:40', '2018-07-11 16:30:40', NULL, 1),
	(4, 'APACHE CAMEL', 'HERRAMIENTA', '2018-07-11 16:30:40', '2018-07-11 16:30:40', NULL, 1),
	(5, 'APACHE SUBVERSION', 'HERRAMIENTA', '2018-07-11 16:30:40', '2018-07-11 16:30:40', NULL, 1),
	(6, 'API CONNECT', 'HERRAMIENTA', '2018-07-11 16:30:40', '2018-07-11 16:30:40', NULL, 1),
	(7, 'APP CONNECT', 'HERRAMIENTA', '2018-07-11 16:30:40', '2018-07-11 16:30:40', NULL, 1),
	(8, 'APPIUM', 'HERRAMIENTA', '2018-07-11 16:30:40', '2018-07-11 16:30:40', NULL, 1),
	(9, 'AZURE', 'HERRAMIENTA', '2018-07-11 16:30:40', '2018-07-11 16:30:40', NULL, 1),
	(10, 'BALSAMIQ', 'HERRAMIENTA', '2018-07-11 16:30:40', '2018-07-11 16:30:40', NULL, 1),
	(11, 'BIZAGI', 'HERRAMIENTA', '2018-07-11 16:30:40', '2018-07-11 16:30:40', NULL, 1),
	(12, 'BLOCKCHAIN', 'HERRAMIENTA', '2018-07-11 16:30:40', '2018-07-11 16:30:40', NULL, 1),
	(13, 'BLUEWORKS', 'HERRAMIENTA', '2018-07-11 16:30:40', '2018-07-11 16:30:40', NULL, 1),
	(14, 'BOOTSTRAP', 'HERRAMIENTA', '2018-07-11 16:30:40', '2018-07-11 16:30:40', NULL, 1),
	(15, 'BPM ONLINE', 'HERRAMIENTA', '2018-07-11 16:30:40', '2018-07-11 16:30:40', NULL, 1),
	(16, 'BROKER', 'HERRAMIENTA', '2018-07-11 16:30:40', '2018-07-11 16:30:40', NULL, 1),
	(17, 'BROWSER', 'HERRAMIENTA', '2018-07-11 16:30:40', '2018-07-11 16:30:40', NULL, 1),
	(18, 'BUSINESS ANALYTICS', 'HERRAMIENTA', '2018-07-11 16:30:40', '2018-07-11 16:30:40', NULL, 1),
	(19, 'CMS', 'HERRAMIENTA', '2018-07-11 16:30:40', '2018-07-11 16:30:40', NULL, 1),
	(20, 'CONNECT DIRECT', 'HERRAMIENTA', '2018-07-11 16:30:40', '2018-07-11 16:30:40', NULL, 1),
	(21, 'CORDA', 'HERRAMIENTA', '2018-07-11 16:30:40', '2018-07-11 16:30:40', NULL, 1),
	(22, 'CREACIÓN DE PROCESOS INTERNOS DE SISTEMAS INFORMÁTICOS', 'HERRAMIENTA', '2018-07-11 16:30:40', '2018-07-11 16:30:40', NULL, 1),
	(23, 'CTEMPUS', 'HERRAMIENTA', '2018-07-11 16:30:40', '2018-07-11 16:30:40', NULL, 1),
	(24, 'DATAPOWER', 'HERRAMIENTA', '2018-07-11 16:30:40', '2018-07-11 16:30:40', NULL, 1),
	(25, 'DATASTAGE IBM', 'HERRAMIENTA', '2018-07-11 16:30:40', '2018-07-11 16:30:40', NULL, 1),
	(26, 'DATASTORE', 'HERRAMIENTA', '2018-07-11 16:30:40', '2018-07-11 16:30:40', NULL, 1),
	(27, 'DESARROLLO DE SERVICIOS WEB', 'HERRAMIENTA', '2018-07-11 16:30:40', '2018-07-11 16:30:40', NULL, 1),
	(28, 'DEVOPS', 'HERRAMIENTA', '2018-07-11 16:30:40', '2018-07-11 16:30:40', NULL, 1),
	(29, 'DIALOG FLOW', 'HERRAMIENTA', '2018-07-11 16:30:40', '2018-07-11 16:30:40', NULL, 1),
	(30, 'DIRECTORIO ACTIVO', 'HERRAMIENTA', '2018-07-11 16:30:40', '2018-07-11 16:30:40', NULL, 1),
	(31, 'DOCKER', 'HERRAMIENTA', '2018-07-11 16:30:40', '2018-07-11 16:30:40', NULL, 1),
	(32, 'ECLIPSE', 'HERRAMIENTA', '2018-07-11 16:30:40', '2018-07-11 16:30:40', NULL, 1),
	(33, 'FIREWALL', 'HERRAMIENTA', '2018-07-11 16:30:40', '2018-07-11 16:30:40', NULL, 1),
	(34, 'FIREWORKS', 'HERRAMIENTA', '2018-07-11 16:30:40', '2018-07-11 16:30:40', NULL, 1),
	(35, 'GAMIFICACIÓN', 'HERRAMIENTA', '2018-07-11 16:30:40', '2018-07-11 16:30:40', NULL, 1),
	(36, 'GIT', 'HERRAMIENTA', '2018-07-11 16:30:40', '2018-07-11 16:30:40', NULL, 1),
	(37, 'GOOGLE CLOUD', 'HERRAMIENTA', '2018-07-11 16:30:40', '2018-07-11 16:30:40', NULL, 1),
	(38, 'GOOGLE CLOUD PLATFORM', 'HERRAMIENTA', '2018-07-11 16:30:40', '2018-07-11 16:30:40', NULL, 1),
	(39, 'HARDENING', 'HERRAMIENTA', '2018-07-11 16:30:40', '2018-07-11 16:30:40', NULL, 1),
	(40, 'HELPDESK', 'HERRAMIENTA', '2018-07-11 16:30:40', '2018-07-11 16:30:40', NULL, 1),
	(41, 'HEROKU', 'HERRAMIENTA', '2018-07-11 16:30:40', '2018-07-11 16:30:40', NULL, 1),
	(42, 'IBM CLOUD', 'HERRAMIENTA', '2018-07-11 16:30:40', '2018-07-11 16:30:40', NULL, 1),
	(43, 'IBM RATIONAL METHOD COMPOSER', 'HERRAMIENTA', '2018-07-11 16:30:40', '2018-07-11 16:30:40', NULL, 1),
	(44, 'IBM WAS', 'HERRAMIENTA', '2018-07-11 16:30:40', '2018-07-11 16:30:40', NULL, 1),
	(45, 'IBM WATSON', 'HERRAMIENTA', '2018-07-11 16:30:40', '2018-07-11 16:30:40', NULL, 1),
	(46, 'IIB 2.5', 'HERRAMIENTA', '2018-07-11 16:30:40', '2018-07-11 16:30:40', NULL, 1),
	(47, 'IIB 3', 'HERRAMIENTA', '2018-07-11 16:30:40', '2018-07-11 16:30:40', NULL, 1),
	(48, 'IIB 4', 'HERRAMIENTA', '2018-07-11 16:30:40', '2018-07-11 16:30:40', NULL, 1),
	(49, 'IIB 5', 'HERRAMIENTA', '2018-07-11 16:30:40', '2018-07-11 16:30:40', NULL, 1),
	(50, 'IIB 6', 'HERRAMIENTA', '2018-07-11 16:30:40', '2018-07-11 16:30:40', NULL, 1),
	(51, 'IIB 7', 'HERRAMIENTA', '2018-07-11 16:30:40', '2018-07-11 16:30:40', NULL, 1),
	(52, 'IIB 8', 'HERRAMIENTA', '2018-07-11 16:30:40', '2018-07-11 16:30:40', NULL, 1),
	(53, 'IIB 9', 'HERRAMIENTA', '2018-07-11 16:30:40', '2018-07-11 16:30:40', NULL, 1),
	(54, 'IIB 10', 'HERRAMIENTA', '2018-07-11 16:30:40', '2018-07-11 16:30:40', NULL, 1),
	(55, 'INFORMIX', 'HERRAMIENTA', '2018-07-11 16:30:40', '2018-07-11 16:30:40', NULL, 1),
	(56, 'INFRAESTRUCTURA', 'HERRAMIENTA', '2018-07-11 16:30:40', '2018-07-11 16:30:40', NULL, 1),
	(57, 'INSTALACIÓN DE SUBVERSIÓN', 'HERRAMIENTA', '2018-07-11 16:30:40', '2018-07-11 16:30:40', NULL, 1),
	(58, 'INTELIGENCIA DE NEGOCIO', 'HERRAMIENTA', '2018-07-11 16:30:40', '2018-07-11 16:30:40', NULL, 1),
	(59, 'JAVA SERVER FACE', 'HERRAMIENTA', '2018-07-11 16:30:40', '2018-07-11 16:30:40', NULL, 1),
	(60, 'JBC', 'HERRAMIENTA', '2018-07-11 16:30:40', '2018-07-11 16:30:40', NULL, 1),
	(61, 'JBOSS FUSE', 'HERRAMIENTA', '2018-07-11 16:30:40', '2018-07-11 16:30:40', NULL, 1),
	(62, 'JENKINS', 'HERRAMIENTA', '2018-07-11 16:30:40', '2018-07-11 16:30:40', NULL, 1),
	(63, 'JMETER', 'HERRAMIENTA', '2018-07-11 16:30:40', '2018-07-11 16:30:40', NULL, 1),
	(64, 'JSP', 'HERRAMIENTA', '2018-07-11 16:30:40', '2018-07-11 16:30:40', NULL, 1),
	(65, 'JUPYTER NOTEBOOK', 'HERRAMIENTA', '2018-07-11 16:30:40', '2018-07-11 16:30:40', NULL, 1),
	(66, 'KNIME', 'HERRAMIENTA', '2018-07-11 16:30:40', '2018-07-11 16:30:40', NULL, 1),
	(67, 'KUBERNETES', 'HERRAMIENTA', '2018-07-11 16:30:40', '2018-07-11 16:30:40', NULL, 1),
	(68, 'LDAP', 'HERRAMIENTA', '2018-07-11 16:30:40', '2018-07-11 16:30:40', NULL, 1),
	(69, 'LEVANTAMIENTO DE INFORMACIÓN', 'HERRAMIENTA', '2018-07-11 16:30:40', '2018-07-11 16:30:40', NULL, 1),
	(70, 'LINUX', 'HERRAMIENTA', '2018-07-11 16:30:40', '2018-07-11 16:30:40', NULL, 1),
	(71, 'LINUX ', 'HERRAMIENTA', '2018-07-11 16:30:40', '2018-07-11 16:30:40', NULL, 1),
	(72, 'MDM', 'HERRAMIENTA', '2018-07-11 16:30:40', '2018-07-11 16:30:40', NULL, 1),
	(73, 'MICROSERVICIOS', 'HERRAMIENTA', '2018-07-11 16:30:40', '2018-07-11 16:30:40', NULL, 1),
	(74, 'MODELADO DE BPM AS-IS Y TO-BE', 'HERRAMIENTA', '2018-07-11 16:30:40', '2018-07-11 16:30:40', NULL, 1),
	(75, 'NODO RED', 'HERRAMIENTA', '2018-07-11 16:30:40', '2018-07-11 16:30:40', NULL, 1),
	(76, 'OBI ORACLE', 'HERRAMIENTA', '2018-07-11 16:30:40', '2018-07-11 16:30:40', NULL, 1),
	(77, 'ODI ORACLE', 'HERRAMIENTA', '2018-07-11 16:30:40', '2018-07-11 16:30:40', NULL, 1),
	(78, 'ODM', 'HERRAMIENTA', '2018-07-11 16:30:40', '2018-07-11 16:30:40', NULL, 1),
	(79, 'OPENSHIFT', 'HERRAMIENTA', '2018-07-11 16:30:40', '2018-07-11 16:30:40', NULL, 1),
	(80, 'PLWEB DATASTAGE', 'HERRAMIENTA', '2018-07-11 16:30:40', '2018-07-11 16:30:40', NULL, 1),
	(81, 'PMI', 'HERRAMIENTA', '2018-07-11 16:30:40', '2018-07-11 16:30:40', NULL, 1),
	(82, 'PORTAL', 'HERRAMIENTA', '2018-07-11 16:30:40', '2018-07-11 16:30:40', NULL, 1),
	(83, 'POST MAN', 'HERRAMIENTA', '2018-07-11 16:30:40', '2018-07-11 16:30:40', NULL, 1),
	(84, 'POWERDATA', 'HERRAMIENTA', '2018-07-11 16:30:40', '2018-07-11 16:30:40', NULL, 1),
	(85, 'PRIMEFACES', 'HERRAMIENTA', '2018-07-11 16:30:40', '2018-07-11 16:30:40', NULL, 1),
	(86, 'PROCESS MAKER', 'HERRAMIENTA', '2018-07-11 16:30:40', '2018-07-11 16:30:40', NULL, 1),
	(87, 'QDA', 'HERRAMIENTA', '2018-07-11 16:30:40', '2018-07-11 16:30:40', NULL, 1),
	(88, 'RAPID MINER', 'HERRAMIENTA', '2018-07-11 16:30:40', '2018-07-11 16:30:40', NULL, 1),
	(89, 'RATIONAL CLEAR QUEST', 'HERRAMIENTA', '2018-07-11 16:30:40', '2018-07-11 16:30:40', NULL, 1),
	(90, 'RATIONAL TEAM CONCERT', 'HERRAMIENTA', '2018-07-11 16:30:40', '2018-07-11 16:30:40', NULL, 1),
	(91, 'REALIDAD AUMENTADA', 'HERRAMIENTA', '2018-07-11 16:30:40', '2018-07-11 16:30:40', NULL, 1),
	(92, 'REALIDAD VIRTUAL', 'HERRAMIENTA', '2018-07-11 16:30:40', '2018-07-11 16:30:40', NULL, 1),
	(93, 'REALIZACIÓN DE PRUEBAS FUNCIONALES', 'HERRAMIENTA', '2018-07-11 16:30:40', '2018-07-11 16:30:40', NULL, 1),
	(94, 'REDES', 'HERRAMIENTA', '2018-07-11 16:30:40', '2018-07-11 16:30:40', NULL, 1),
	(95, 'REDES CISCO', 'HERRAMIENTA', '2018-07-11 16:30:40', '2018-07-11 16:30:40', NULL, 1),
	(96, 'REDES F.O', 'HERRAMIENTA', '2018-07-11 16:30:40', '2018-07-11 16:30:40', NULL, 1),
	(97, 'REGISTRY', 'HERRAMIENTA', '2018-07-11 16:30:40', '2018-07-11 16:30:40', NULL, 1),
	(98, 'REPOSITORIOS', 'HERRAMIENTA', '2018-07-11 16:30:40', '2018-07-11 16:30:40', NULL, 1),
	(99, 'RPA', 'HERRAMIENTA', '2018-07-11 16:30:40', '2018-07-11 16:30:40', NULL, 1),
	(100, 'SCRUM', 'HERRAMIENTA', '2018-07-11 16:30:40', '2018-07-11 16:30:40', NULL, 1),
	(101, 'SEGURIDAD PERIMETRAL', 'HERRAMIENTA', '2018-07-11 16:30:40', '2018-07-11 16:30:40', NULL, 1),
	(102, 'SERVICIOS WEB', 'HERRAMIENTA', '2018-07-11 16:30:40', '2018-07-11 16:30:40', NULL, 1),
	(103, 'SERVIDORES', 'HERRAMIENTA', '2018-07-11 16:30:40', '2018-07-11 16:30:40', NULL, 1),
	(104, 'SISTEMAS OPERATIVOS LINUX', 'HERRAMIENTA', '2018-07-11 16:30:40', '2018-07-11 16:30:40', NULL, 1),
	(105, 'SOAP UI', 'HERRAMIENTA', '2018-07-11 16:30:40', '2018-07-11 16:30:40', NULL, 1),
	(106, 'SOPORTE INFORMATICO', 'HERRAMIENTA', '2018-07-11 16:30:40', '2018-07-11 16:30:40', NULL, 1),
	(107, 'SPRING', 'HERRAMIENTA', '2018-07-11 16:30:40', '2018-07-11 16:30:40', NULL, 1),
	(108, 'SQL SERVER ', 'HERRAMIENTA', '2018-07-11 16:30:40', '2018-07-11 16:30:40', NULL, 1),
	(109, 'TELECOMUNICACIONES', 'HERRAMIENTA', '2018-07-11 16:30:40', '2018-07-11 16:30:40', NULL, 1),
	(110, 'TERRA FORM', 'HERRAMIENTA', '2018-07-11 16:30:40', '2018-07-11 16:30:40', NULL, 1),
	(111, 'TEST COMPLETE', 'HERRAMIENTA', '2018-07-11 16:30:40', '2018-07-11 16:30:40', NULL, 1),
	(112, 'TESTING', 'HERRAMIENTA', '2018-07-11 16:30:40', '2018-07-11 16:30:40', NULL, 1),
	(113, 'UNITY', 'HERRAMIENTA', '2018-07-11 16:30:40', '2018-07-11 16:30:40', NULL, 1),
	(114, 'WATSON', 'HERRAMIENTA', '2018-07-11 16:30:40', '2018-07-11 16:30:40', NULL, 1),
	(115, 'WEB LOGIC', 'HERRAMIENTA', '2018-07-11 16:30:40', '2018-07-11 16:30:40', NULL, 1),
	(116, 'WEBFIRSTPORTAL', 'HERRAMIENTA', '2018-07-11 16:30:40', '2018-07-11 16:30:40', NULL, 1),
	(117, 'WEBLOGIC', 'HERRAMIENTA', '2018-07-11 16:30:40', '2018-07-11 16:30:40', NULL, 1),
	(118, 'WEBSPHERE', 'HERRAMIENTA', '2018-07-11 16:30:40', '2018-07-11 16:30:40', NULL, 1),
	(119, 'WSO2', 'HERRAMIENTA', '2018-07-11 16:30:40', '2018-07-11 16:30:40', NULL, 1),
	(120, '.NET', 'LENGUAJE', '2018-07-11 16:30:40', '2018-07-11 16:30:40', NULL, 1),
	(121, 'ANDROID', 'LENGUAJE', '2018-07-11 16:30:40', '2018-07-11 16:30:40', NULL, 1),
	(122, 'ANGULAR', 'LENGUAJE', '2018-07-11 16:30:40', '2018-07-11 16:30:40', NULL, 1),
	(123, 'APLICACIONES MOVILES HIBRIDAS', 'LENGUAJE', '2018-07-11 16:30:40', '2018-07-11 16:30:40', NULL, 1),
	(124, 'ARDUINO', 'LENGUAJE', '2018-07-11 16:30:40', '2018-07-11 16:30:40', NULL, 1),
	(125, 'ASM', 'LENGUAJE', '2018-07-11 16:30:40', '2018-07-11 16:30:40', NULL, 1),
	(126, 'C', 'LENGUAJE', '2018-07-11 16:30:40', '2018-07-11 16:30:40', NULL, 1),
	(127, 'C#', 'LENGUAJE', '2018-07-11 16:30:40', '2018-07-11 16:30:40', NULL, 1),
	(128, 'C++', 'LENGUAJE', '2018-07-11 16:30:40', '2018-07-11 16:30:40', NULL, 1),
	(129, 'CSS', 'LENGUAJE', '2018-07-11 16:30:40', '2018-07-11 16:30:40', NULL, 1),
	(130, 'DB2', 'LENGUAJE', '2018-07-11 16:30:40', '2018-07-11 16:30:40', NULL, 1),
	(131, 'DELPHI', 'LENGUAJE', '2018-07-11 16:30:40', '2018-07-11 16:30:40', NULL, 1),
	(132, 'DJANGO', 'LENGUAJE', '2018-07-11 16:30:40', '2018-07-11 16:30:40', NULL, 1),
	(133, 'ELIXIR', 'LENGUAJE', '2018-07-11 16:30:40', '2018-07-11 16:30:40', NULL, 1),
	(134, 'ESQL', 'LENGUAJE', '2018-07-11 16:30:40', '2018-07-11 16:30:40', NULL, 1),
	(135, 'FIREBASE', 'LENGUAJE', '2018-07-11 16:30:40', '2018-07-11 16:30:40', NULL, 1),
	(136, 'FULL STACK', 'LENGUAJE', '2018-07-11 16:30:40', '2018-07-11 16:30:40', NULL, 1),
	(137, 'HTML', 'LENGUAJE', '2018-07-11 16:30:40', '2018-07-11 16:30:40', NULL, 1),
	(138, 'IONIC', 'LENGUAJE', '2018-07-11 16:30:40', '2018-07-11 16:30:40', NULL, 1),
	(139, 'J2EE', 'LENGUAJE', '2018-07-11 16:30:40', '2018-07-11 16:30:40', NULL, 1),
	(140, 'JAVA', 'LENGUAJE', '2018-07-11 16:30:40', '2018-07-11 16:30:40', NULL, 1),
	(141, 'JAVA SE', 'LENGUAJE', '2018-07-11 16:30:40', '2018-07-11 16:30:40', NULL, 1),
	(142, 'JAVASCRIPT', 'LENGUAJE', '2018-07-11 16:30:40', '2018-07-11 16:30:40', NULL, 1),
	(143, 'JQUERY', 'LENGUAJE', '2018-07-11 16:30:40', '2018-07-11 16:30:40', NULL, 1),
	(144, 'LARAVEL', 'LENGUAJE', '2018-07-11 16:30:40', '2018-07-11 16:30:40', NULL, 1),
	(145, 'MONGO DB', 'LENGUAJE', '2018-07-11 16:30:40', '2018-07-11 16:30:40', NULL, 1),
	(146, 'MYSQL', 'LENGUAJE', '2018-07-11 16:30:40', '2018-07-11 16:30:40', NULL, 1),
	(147, 'NATURAL LANGUAJE', 'LENGUAJE', '2018-07-11 16:30:40', '2018-07-11 16:30:40', NULL, 1),
	(148, 'NODEJS', 'LENGUAJE', '2018-07-11 16:30:40', '2018-07-11 16:30:40', NULL, 1),
	(149, 'ORACLE', 'LENGUAJE', '2018-07-11 16:30:40', '2018-07-11 16:30:40', NULL, 1),
	(150, 'PHOENIX', 'LENGUAJE', '2018-07-11 16:30:40', '2018-07-11 16:30:40', NULL, 1),
	(151, 'PHP', 'LENGUAJE', '2018-07-11 16:30:40', '2018-07-11 16:30:40', NULL, 1),
	(152, 'PLSQL', 'LENGUAJE', '2018-07-11 16:30:40', '2018-07-11 16:30:40', NULL, 1),
	(153, 'POSTGRESQL', 'LENGUAJE', '2018-07-11 16:30:40', '2018-07-11 16:30:40', NULL, 1),
	(154, 'PYTHON', 'LENGUAJE', '2018-07-11 16:30:40', '2018-07-11 16:30:40', NULL, 1),
	(155, 'REACT', 'LENGUAJE', '2018-07-11 16:30:40', '2018-07-11 16:30:40', NULL, 1),
	(156, 'REST', 'LENGUAJE', '2018-07-11 16:30:40', '2018-07-11 16:30:40', NULL, 1),
	(157, 'RUBY', 'LENGUAJE', '2018-07-11 16:30:40', '2018-07-11 16:30:40', NULL, 1),
	(158, 'SQL', 'LENGUAJE', '2018-07-11 16:30:40', '2018-07-11 16:30:40', NULL, 1),
	(159, 'SWIFT', 'LENGUAJE', '2018-07-11 16:30:40', '2018-07-11 16:30:40', NULL, 1),
	(160, 'TRANSACT SQL', 'LENGUAJE', '2018-07-11 16:30:40', '2018-07-11 16:30:40', NULL, 1),
	(161, 'TYPESCRIPT', 'LENGUAJE', '2018-07-11 16:30:40', '2018-07-11 16:30:40', NULL, 1),
	(162, 'VISUAL', 'LENGUAJE', '2018-07-11 16:30:40', '2018-07-11 16:30:40', NULL, 1),
	(163, 'WAS', 'LENGUAJE', '2018-07-11 16:30:40', '2018-08-03 15:28:34', NULL, 1),
	(164, 'XML', 'LENGUAJE', '2018-07-11 16:30:40', '2018-07-11 16:30:40', NULL, 1),
	(165, 'XSL', 'LENGUAJE', '2018-07-11 16:30:40', '2018-07-11 16:30:40', NULL, 1),
	(166, 'XSLT', 'LENGUAJE', '2018-07-11 16:30:40', '2018-07-11 16:30:40', NULL, 1),
	(167, 'DATA SCIENCE', 'HERRAMIENTA', '2018-07-11 16:30:40', '2018-07-12 09:39:36', NULL, 1),
	(168, 'IBM 390', 'HERRAMIENTA', '2018-07-12 09:35:07', '2018-07-12 09:35:07', NULL, 1),
	(169, 'NSR 98', 'HERRAMIENTA', '2018-07-12 09:35:07', '2018-07-12 09:35:07', NULL, 1),
	(170, 'AS 400', 'HERRAMIENTA', '2018-07-12 09:35:07', '2018-07-12 09:35:07', NULL, 1),
	(171, 'COBOL', 'LENGUAJE', '2018-07-12 09:35:07', '2018-07-12 09:35:07', NULL, 1),
	(172, 'RPG', 'LENGUAJE', '2018-07-12 09:35:07', '2018-07-12 09:35:07', NULL, 1),
	(173, 'ASSEMBLER', 'LENGUAJE', '2018-07-12 09:35:07', '2018-07-12 09:35:07', NULL, 1),
	(174, 'PL1', 'HERRAMIENTA', '2018-07-12 09:35:07', '2018-07-12 09:35:07', NULL, 1),
	(175, 'ORACLE 9I', 'HERRAMIENTA', '2018-07-12 09:35:07', '2018-07-12 09:35:07', NULL, 1),
	(176, 'VISUAL BASIC', 'HERRAMIENTA', '2018-07-12 09:35:07', '2018-07-12 09:35:07', NULL, 1),
	(177, 'VISUAL FOX', 'HERRAMIENTA', '2018-07-12 09:35:07', '2018-07-12 09:35:07', NULL, 1),
	(178, 'OFFICE', 'HERRAMIENTA', '2018-07-12 09:35:07', '2018-07-12 09:35:07', NULL, 1),
	(179, 'MQ SERIES', 'LENGUAJE', '2018-07-12 09:35:07', '2018-07-12 09:35:07', NULL, 1),
	(180, 'IIB 2.8', 'HERRAMIENTA', '2018-07-12 09:35:07', '2018-07-12 09:35:07', NULL, 1),
	(181, 'REDES Y TRANSMISIÓN DE DATOS', 'HERRAMIENTA', '2018-07-12 09:35:07', '2018-07-12 09:35:07', NULL, 1),
	(182, 'ANALISIS DE PROGRAMACION', 'HERRAMIENTA', '2018-07-12 09:35:07', '2018-07-12 09:35:07', NULL, 1),
	(183, 'BASES DE DATOS', 'HERRAMIENTA', '2018-07-12 09:35:07', '2018-07-12 09:35:07', NULL, 1),
	(184, 'ETL', 'HERRAMIENTA', '2018-07-13 09:01:55', '2018-07-13 09:01:55', NULL, 1),
	(185, 'PISQL', 'LENGUAJE', '2018-07-13 09:01:55', '2018-07-13 09:01:55', NULL, 1),
	(186, 'APACHE', 'HERRAMIENTA', '2018-07-18 10:19:27', '2018-07-18 10:19:28', NULL, 1),
	(187, 'TOMCAT', 'HERRAMIENTA', '2018-07-18 10:20:36', '2018-07-18 10:20:38', NULL, 1),
	(188, 'JBOSS', 'HERRAMIENTA', '2018-07-18 10:22:07', '2018-07-18 10:22:12', NULL, 1),
	(189, 'RED HAT', 'HERRAMIENTA', '2018-07-19 09:16:46', '2018-07-19 09:16:46', NULL, 1),
	(190, 'ITIL', 'HERRAMIENTA', '2018-07-19 09:17:09', '2018-07-19 09:17:09', NULL, 1),
	(191, 'COBIT', 'HERRAMIENTA', '2018-08-13 14:19:06', '2018-08-13 14:19:15', NULL, 1),
	(192, 'TOGAF', 'HERRAMIENTA', '2018-08-13 14:19:22', '2018-08-13 14:19:22', NULL, 1),
	(193, 'SOA', 'HERRAMIENTA', '2018-08-13 14:19:34', '2018-08-13 14:19:34', NULL, 1),
	(194, 'WINDOWS SERVER', 'HERRAMIENTA', '2018-08-13 14:19:48', '2018-08-13 14:19:48', NULL, 1),
	(195, 'VIMWARE', 'HERRAMIENTA', '2018-08-13 14:20:24', '2018-08-13 14:20:24', NULL, 1),
	(196, 'BPM PROCESOS', 'HERRAMIENTA', '2018-09-20 11:10:49', '2018-09-20 11:10:49', NULL, 1),
	(197, 'BPM IA', 'HERRAMIENTA', '2018-09-20 11:11:39', '2018-09-20 11:11:39', NULL, 1),
	(198, 'BPM ODM', 'HERRAMIENTA', '2018-09-20 11:13:38', '2018-09-20 11:13:38', NULL, 1),
	(199, 'URBAN CODE DEPLOY IBM', 'HERRAMIENTA', '2018-09-20 11:18:32', '2018-09-20 11:18:32', NULL, 1),
	(200, 'WINDOWS SERVER HYPER V', 'HERRAMIENTA', '2018-09-20 11:19:07', '2018-09-20 11:19:07', NULL, 1),
	(201, 'ESPECIALISTA EN MICROSOFT', 'HERRAMIENTA', '2018-09-20 11:19:32', '2018-09-20 11:19:32', NULL, 1),
	(202, 'MICROSOFT TECHNOLOGY ASOCIATE', 'HERRAMIENTA', '2018-09-20 11:19:57', '2018-09-20 11:19:57', NULL, 1),
	(203, 'MICROSOFT OFFICE SPECIALIST', 'HERRAMIENTA', '2018-09-20 11:20:19', '2018-09-20 11:20:19', NULL, 1),
	(204, 'FILEZILLA SERVER', 'HERRAMIENTA', '2018-09-20 11:20:50', '2018-09-20 11:20:50', NULL, 1),
	(205, 'ISO 27001', 'HERRAMIENTA', '2018-10-01 14:28:32', '2018-10-01 14:28:32', NULL, 1),
	(206, 'ORACLE FORMS REPORT', 'HERRAMIENTA', '2018-10-01 14:33:48', '2018-10-01 14:33:48', NULL, 1),
	(207, 'TFS', 'HERRAMIENTA', '2018-10-09 15:53:06', '2018-10-09 15:53:06', NULL, 1),
	(208, 'VSTS', 'HERRAMIENTA', '2018-10-09 15:53:18', '2018-10-09 15:53:18', NULL, 1),
	(209, 'JAZZ', 'HERRAMIENTA', '2018-10-09 15:53:27', '2018-10-09 15:53:27', NULL, 1),
	(210, 'ALM', 'HERRAMIENTA', '2018-10-09 15:53:37', '2018-10-09 15:53:37', NULL, 1),
	(211, 'TEST LINK', 'HERRAMIENTA', '2018-10-09 15:53:48', '2018-10-09 15:53:48', NULL, 1),
	(212, 'ISTQB', 'HERRAMIENTA', '2018-10-09 15:54:19', '2018-10-09 15:54:19', NULL, 1),
	(213, 'SYBASE', 'HERRAMIENTA', '2018-10-17 10:58:47', '2018-10-17 10:58:47', NULL, 1),
	(214, 'SVN', 'HERRAMIENTA', '2018-10-17 10:58:56', '2018-10-17 10:58:56', NULL, 1),
	(215, 'SOAP', 'HERRAMIENTA', '2018-10-17 10:59:05', '2018-10-17 10:59:05', NULL, 1);
/*!40000 ALTER TABLE `habilidades` ENABLE KEYS */;

-- Volcando datos para la tabla assistoperaciones.lineanegocio: ~5 rows (aproximadamente)
DELETE FROM `lineanegocio`;
/*!40000 ALTER TABLE `lineanegocio` DISABLE KEYS */;
INSERT INTO `lineanegocio` (`linNegID`, `linNegNombre`, `created_at`, `updated_at`, `linNegUsuario`, `linNegEstado`) VALUES
	(1, 'PROYECTO', '2018-10-01 15:47:50', '2018-10-01 15:49:06', NULL, 1),
	(2, 'SERVICIOS', '2018-10-01 15:49:13', '2018-10-01 15:49:13', NULL, 1),
	(3, 'INSOURCING/OUTSOURCING', '2018-10-01 15:49:43', '2018-10-01 15:49:43', NULL, 1),
	(4, 'FABRICA', '2018-10-01 15:49:46', '2018-10-01 15:49:46', NULL, 1),
	(5, 'LICENCIAS', '2018-10-01 15:49:55', '2018-10-01 15:49:55', NULL, 1);
/*!40000 ALTER TABLE `lineanegocio` ENABLE KEYS */;

-- Volcando datos para la tabla assistoperaciones.migrations: ~27 rows (aproximadamente)
DELETE FROM `migrations`;
/*!40000 ALTER TABLE `migrations` DISABLE KEYS */;
INSERT INTO `migrations` (`id`, `migration`, `batch`) VALUES
	(1, '2014_10_12_000000_create_users_table', 1),
	(2, '2014_10_12_100000_create_password_resets_table', 1),
	(3, '2018_10_04_000002_create_gerente_table', 1),
	(4, '2018_10_04_000003_create_empresa_table', 1),
	(5, '2018_10_04_000004_create_recursosfisicos_table', 1),
	(6, '2018_10_04_000005_create_novedades_table', 1),
	(7, '2018_10_04_000006_create_habilidades_table', 1),
	(8, '2018_10_04_000007_create_servicios_table', 1),
	(9, '2018_10_04_000008_create_contratos_table', 1),
	(10, '2018_10_04_000009_create_migrations_table', 1),
	(11, '2018_10_04_000010_create_lineanegocio_table', 1),
	(12, '2018_10_04_000011_create_oficina_table', 1),
	(13, '2018_10_04_000012_create_personas_table', 1),
	(14, '2018_10_04_000013_create_cargos_table', 1),
	(15, '2018_10_04_000014_create_cliente_table', 1),
	(16, '2018_10_04_000015_create_persEmp_table', 1),
	(17, '2018_10_04_000016_create_pershabil_table', 1),
	(18, '2018_10_04_000017_create_recfisofc_table', 1),
	(19, '2018_10_04_000018_create_perscontr_table', 1),
	(20, '2018_10_04_000019_create_cargpers_table', 1),
	(21, '2018_10_04_000020_create_proyecto_table', 1),
	(22, '2018_10_04_000021_create_persnoved_table', 1),
	(23, '2018_10_04_000022_create_factproyec_table', 1),
	(24, '2018_10_04_000023_create_gerenproyec_table', 1),
	(25, '2018_10_04_000024_create_proyserv_table', 1),
	(26, '2018_10_04_000025_create_asignacion_table', 1),
	(27, '2018_10_04_000026_create_proylinneg_table', 1);
/*!40000 ALTER TABLE `migrations` ENABLE KEYS */;

-- Volcando datos para la tabla assistoperaciones.novedades: ~7 rows (aproximadamente)
DELETE FROM `novedades`;
/*!40000 ALTER TABLE `novedades` DISABLE KEYS */;
INSERT INTO `novedades` (`NovId`, `NovTipo`, `created_at`, `updated_at`, `NovUsuario`, `NovEstado`) VALUES
	(1, 'VACACIONES', '2018-07-11 16:42:27', '2018-07-11 16:42:27', NULL, NULL),
	(2, 'RETIRO', '2018-07-11 16:42:31', '2018-07-11 16:42:31', NULL, NULL),
	(3, 'INCAPACIDAD', '2018-07-11 16:43:30', '2018-07-11 16:43:30', NULL, NULL),
	(4, 'INGRESOS', '2018-07-11 16:43:47', '2018-07-11 16:43:47', NULL, NULL),
	(5, 'CAMBIO DE PROYECTO', '2018-07-11 16:44:01', '2018-07-11 16:44:01', NULL, NULL),
	(6, 'CAMBIO DE CARGO', '2018-07-11 16:44:07', '2018-07-11 16:44:07', NULL, NULL),
	(7, 'AUSENCIA INJUSTIFICADA', '2018-07-11 16:44:17', '2018-07-11 16:44:17', NULL, NULL);
/*!40000 ALTER TABLE `novedades` ENABLE KEYS */;

-- Volcando datos para la tabla assistoperaciones.oficina: ~2 rows (aproximadamente)
DELETE FROM `oficina`;
/*!40000 ALTER TABLE `oficina` DISABLE KEYS */;
INSERT INTO `oficina` (`idOfic`, `OficNumero`, `updated_at`, `created_at`, `Ofic_usuario`, `Ofic_estado`) VALUES
	(1, '501', '2018-10-02 10:05:39', '2018-10-02 10:05:39', NULL, 1),
	(2, '502', '2018-10-02 10:05:43', '2018-10-02 10:05:43', NULL, 1);
/*!40000 ALTER TABLE `oficina` ENABLE KEYS */;

-- Volcando datos para la tabla assistoperaciones.password_resets: ~0 rows (aproximadamente)
DELETE FROM `password_resets`;
/*!40000 ALTER TABLE `password_resets` DISABLE KEYS */;
/*!40000 ALTER TABLE `password_resets` ENABLE KEYS */;

-- Volcando datos para la tabla assistoperaciones.perscontr: ~77 rows (aproximadamente)
DELETE FROM `perscontr`;
/*!40000 ALTER TABLE `perscontr` DISABLE KEYS */;
INSERT INTO `perscontr` (`PersContrID`, `Personas_PersonasID`, `Contratos_ContId`, `PersContrFechaInicio`, `PersContrFechaFin`, `created_at`, `updated_at`, `PersContrUsuario`, `PersContrEstado`) VALUES
	(1, 1, 1, '2017-10-02', '2017-10-02', '2018-07-12 15:48:56', '2018-07-12 15:48:56', NULL, 1),
	(2, 2, 2, '2015-08-20', NULL, '2018-07-12 15:48:56', '2018-07-12 15:48:56', NULL, 1),
	(3, 3, 1, '2018-05-28', '2018-11-27', '2018-07-12 15:48:56', '2018-07-12 15:48:56', NULL, 1),
	(4, 4, 2, '2015-07-22', NULL, '2018-07-12 15:48:56', '2018-07-12 15:48:56', NULL, 1),
	(5, 5, 2, '2018-01-02', NULL, '2018-07-12 15:48:56', '2018-07-12 15:48:56', NULL, 1),
	(6, 6, 2, '2017-10-09', NULL, '2018-07-12 15:48:56', '2018-07-12 15:48:56', NULL, 1),
	(7, 7, 1, '2017-10-02', '2018-10-01', '2018-07-12 15:48:56', '2018-07-12 15:48:56', NULL, 1),
	(8, 9, 2, '2018-02-20', NULL, '2018-07-12 15:48:56', '2018-07-12 15:48:56', NULL, 1),
	(9, 10, 1, '2018-06-19', '2018-12-18', '2018-07-12 15:48:56', '2018-07-12 15:48:56', NULL, 1),
	(10, 11, 1, '2017-09-26', '2018-09-25', '2018-07-12 15:48:56', '2018-07-12 15:48:56', NULL, 1),
	(11, 12, 1, '2017-09-26', '2018-09-25', '2018-07-12 15:48:56', '2018-07-12 15:48:56', NULL, 1),
	(12, 13, 2, '2017-10-24', NULL, '2018-07-12 15:48:56', '2018-07-12 15:48:56', NULL, 1),
	(13, 14, 2, '2018-01-15', NULL, '2018-07-12 15:48:56', '2018-07-12 15:48:56', NULL, 1),
	(14, 15, 2, '2016-04-05', NULL, '2018-07-12 15:48:56', '2018-07-12 15:48:56', NULL, 1),
	(15, 16, 1, '2017-10-02', '2018-10-01', '2018-07-12 15:48:56', '2018-07-12 15:48:56', NULL, 1),
	(16, 17, 2, '2015-08-03', NULL, '2018-07-12 15:48:56', '2018-07-12 15:48:56', NULL, 1),
	(17, 18, 2, '2014-06-03', NULL, '2018-07-12 15:48:56', '2018-07-12 15:48:56', NULL, 1),
	(18, 19, 2, '2017-09-05', NULL, '2018-07-12 15:48:56', '2018-07-12 15:48:56', NULL, 1),
	(19, 20, 2, '2017-09-18', NULL, '2018-07-12 15:48:56', '2018-07-12 15:48:56', NULL, 1),
	(20, 21, 1, '2018-06-05', '2018-12-04', '2018-07-12 15:48:56', '2018-07-12 15:48:56', NULL, 1),
	(21, 22, 2, '2017-10-17', NULL, '2018-07-12 15:48:56', '2018-07-12 15:48:56', NULL, 1),
	(22, 24, 2, '2017-09-18', NULL, '2018-07-12 15:48:56', '2018-07-12 15:48:56', NULL, 1),
	(23, 25, 2, '2016-05-24', NULL, '2018-07-12 15:48:56', '2018-07-12 15:48:56', NULL, 1),
	(24, 26, 2, '2017-11-27', NULL, '2018-07-12 15:48:56', '2018-07-12 15:48:56', NULL, 1),
	(25, 28, 2, '2016-11-29', NULL, '2018-07-12 15:48:56', '2018-07-12 15:48:56', NULL, 1),
	(26, 29, 2, '2017-05-10', NULL, '2018-07-12 15:48:56', '2018-07-12 15:48:56', NULL, 1),
	(27, 30, 1, '2018-03-05', '2018-09-04', '2018-07-12 15:48:56', '2018-07-12 15:48:56', NULL, 1),
	(28, 31, 1, '2017-09-26', '2018-09-25', '2018-07-12 15:48:56', '2018-07-12 15:48:56', NULL, 1),
	(29, 32, 2, '2015-08-24', NULL, '2018-07-12 15:48:56', '2018-07-12 15:48:56', NULL, 1),
	(30, 33, 2, '2017-01-24', NULL, '2018-07-12 15:48:56', '2018-07-12 15:48:56', NULL, 1),
	(31, 34, 2, '2017-10-10', '1900-01-00', '2018-07-12 15:48:56', '2018-07-12 15:48:56', NULL, 1),
	(32, 36, 2, '2018-02-12', NULL, '2018-07-12 15:48:56', '2018-07-12 15:48:56', NULL, 1),
	(33, 37, 2, '2017-09-28', NULL, '2018-07-12 15:48:56', '2018-07-12 15:48:56', NULL, 1),
	(34, 38, 2, '2017-03-01', NULL, '2018-07-12 15:48:56', '2018-07-12 15:48:56', NULL, 1),
	(35, 39, 2, '2009-10-21', NULL, '2018-07-12 15:48:56', '2018-07-12 15:48:56', NULL, 1),
	(36, 40, 2, '2012-10-08', NULL, '2018-07-12 15:48:56', '2018-07-12 15:48:56', NULL, 1),
	(37, 41, 2, '2017-09-11', NULL, '2018-07-12 15:48:56', '2018-07-12 15:48:56', NULL, 1),
	(38, 42, 2, '2007-04-10', NULL, '2018-07-12 15:48:56', '2018-07-12 15:48:56', NULL, 1),
	(39, 44, 2, '2018-02-20', NULL, '2018-07-12 15:48:56', '2018-07-12 15:48:56', NULL, 1),
	(40, 45, 2, '2017-01-10', NULL, '2018-07-12 15:48:56', '2018-07-12 15:48:56', NULL, 1),
	(41, 46, 1, '2018-06-05', '2018-12-04', '2018-07-12 15:48:56', '2018-07-12 15:48:56', NULL, 1),
	(42, 47, 1, '2017-09-26', '2018-09-25', '2018-07-12 15:48:56', '2018-07-12 15:48:56', NULL, 1),
	(43, 49, 2, '2017-09-01', NULL, '2018-07-12 15:48:56', '2018-07-12 15:48:56', NULL, 1),
	(44, 50, 2, '2011-06-28', NULL, '2018-07-12 15:48:56', '2018-07-12 15:48:56', NULL, 1),
	(45, 52, 1, '2018-06-05', '2018-12-04', '2018-07-12 15:48:56', '2018-07-12 15:48:56', NULL, 1),
	(46, 53, 2, '2018-06-18', NULL, '2018-07-12 15:48:56', '2018-07-12 15:48:56', NULL, 1),
	(47, 54, 2, '2015-08-24', NULL, '2018-07-12 15:48:56', '2018-07-12 15:48:56', NULL, 1),
	(48, 55, 1, '2017-09-26', '2018-09-25', '2018-07-12 15:48:56', '2018-07-12 15:48:56', NULL, 1),
	(49, 56, 2, '2017-02-01', NULL, '2018-07-12 15:48:56', '2018-07-12 15:48:56', NULL, 1),
	(50, 57, 2, '2017-02-01', NULL, '2018-07-12 15:48:56', '2018-07-12 15:48:56', NULL, 1),
	(51, 58, 2, '2017-01-24', NULL, '2018-07-12 15:48:56', '2018-07-12 15:48:56', NULL, 1),
	(52, 59, 2, '2016-04-11', NULL, '2018-07-12 15:48:56', '2018-07-12 15:48:56', NULL, 1),
	(53, 60, 1, '2017-02-20', '2018-08-19', '2018-07-12 15:48:56', '2018-07-12 15:48:56', NULL, 1),
	(54, 61, 2, '2017-09-18', NULL, '2018-07-12 15:48:56', '2018-07-12 15:48:56', NULL, 1),
	(55, 62, 2, '2011-12-19', NULL, '2018-07-12 15:48:56', '2018-07-12 15:48:56', NULL, 1),
	(56, 63, 2, '2017-10-02', NULL, '2018-07-12 15:48:56', '2018-07-12 15:48:56', NULL, 1),
	(57, 64, 1, '2017-10-02', '2018-10-01', '2018-07-12 15:48:56', '2018-07-12 15:48:56', NULL, 1),
	(58, 65, 2, '2018-02-05', NULL, '2018-07-12 15:48:56', '2018-07-12 15:48:56', NULL, 1),
	(59, 66, 2, '2010-04-28', NULL, '2018-07-12 15:48:56', '2018-07-12 15:48:56', NULL, 1),
	(60, 68, 2, '2018-04-12', NULL, '2018-07-12 15:48:56', '2018-07-12 15:48:56', NULL, 1),
	(61, 70, 5, '2017-12-04', '2018-06-30', '2018-07-12 15:48:56', '2018-07-12 15:48:56', NULL, 1),
	(62, 72, 2, '2017-11-07', NULL, '2018-07-12 15:48:56', '2018-07-12 15:48:56', NULL, 1),
	(63, 74, 2, '2017-03-01', NULL, '2018-07-12 15:48:56', '2018-07-12 15:48:56', NULL, 1),
	(64, 75, 3, '2018-01-22', '2018-07-21', '2018-07-12 15:48:56', '2018-07-12 15:48:56', NULL, 1),
	(65, 76, 2, '2017-02-06', NULL, '2018-07-12 15:48:56', '2018-07-12 15:48:56', NULL, 1),
	(66, 77, 2, '2018-03-20', NULL, '2018-07-12 15:48:56', '2018-07-12 15:48:56', NULL, 1),
	(67, 78, 1, '2017-09-26', '2018-09-25', '2018-07-12 15:48:56', '2018-07-12 15:48:56', NULL, 1),
	(68, 79, 2, '2017-10-02', NULL, '2018-07-12 15:48:56', '2018-07-12 15:48:56', NULL, 1),
	(69, 80, 5, '2018-06-19', '2018-09-18', '2018-07-12 15:48:56', '2018-07-12 15:48:56', NULL, 1),
	(70, 81, 2, '2018-06-18', NULL, '2018-07-12 15:48:56', '2018-07-12 15:48:56', NULL, 1),
	(71, 83, 2, '2015-02-16', NULL, '2018-07-12 15:48:56', '2018-07-12 15:48:56', NULL, 1),
	(72, 84, 2, '2018-05-30', NULL, '2018-07-12 15:48:56', '2018-07-12 15:48:56', NULL, 1),
	(73, 85, 3, '2018-06-25', '2018-12-24', '2018-07-12 15:48:56', '2018-07-12 15:48:56', NULL, 1),
	(74, 86, 2, '2018-06-27', NULL, '2018-07-12 15:48:56', '2018-07-12 15:48:56', NULL, 1),
	(75, 88, 2, '2018-07-03', NULL, '2018-07-12 15:48:56', '2018-07-12 15:48:56', NULL, 1),
	(76, 89, 3, '2018-07-04', '2019-01-03', '2018-07-12 15:48:56', '2018-07-12 15:48:56', NULL, 1),
	(77, 90, 2, '2018-07-04', NULL, '2018-07-12 15:48:56', '2018-07-12 15:48:56', NULL, 1);
/*!40000 ALTER TABLE `perscontr` ENABLE KEYS */;

-- Volcando datos para la tabla assistoperaciones.persemp: ~107 rows (aproximadamente)
DELETE FROM `persemp`;
/*!40000 ALTER TABLE `persemp` DISABLE KEYS */;
INSERT INTO `persemp` (`PersEmpId`, `personas_PersonasID`, `empresa_EmpId`, `PersEmpFechaIni`, `PersEmpFechaFin`, `created_at`, `updated_at`, `PersEmpUsuario`, `PersEmpEstado`) VALUES
	(1, 1, 1, NULL, NULL, '2018-10-02 11:28:35', '2018-10-02 11:28:35', NULL, 1),
	(2, 2, 1, NULL, NULL, '2018-10-02 11:28:35', '2018-10-02 11:28:35', NULL, 1),
	(3, 3, 1, NULL, NULL, '2018-10-02 11:28:35', '2018-10-02 11:28:35', NULL, 1),
	(4, 4, 1, NULL, NULL, '2018-10-02 11:28:35', '2018-10-02 11:28:35', NULL, 1),
	(5, 5, 1, NULL, NULL, '2018-10-02 11:28:35', '2018-10-02 11:28:35', NULL, 1),
	(6, 6, 1, NULL, NULL, '2018-10-02 11:28:35', '2018-10-02 11:28:35', NULL, 1),
	(7, 7, 1, NULL, NULL, '2018-10-02 11:28:35', '2018-10-02 11:28:35', NULL, 1),
	(8, 8, 1, NULL, NULL, '2018-10-02 11:28:35', '2018-10-02 11:28:35', NULL, 1),
	(9, 9, 1, NULL, NULL, '2018-10-02 11:28:35', '2018-10-02 11:28:35', NULL, 1),
	(10, 10, 1, NULL, NULL, '2018-10-02 11:28:35', '2018-10-02 11:28:35', NULL, 1),
	(11, 11, 1, NULL, NULL, '2018-10-02 11:28:35', '2018-10-02 11:28:35', NULL, 1),
	(12, 12, 1, NULL, NULL, '2018-10-02 11:28:35', '2018-10-02 11:28:35', NULL, 1),
	(13, 13, 1, NULL, NULL, '2018-10-02 11:28:35', '2018-10-02 11:28:35', NULL, 1),
	(14, 14, 1, NULL, NULL, '2018-10-02 11:28:35', '2018-10-02 11:28:35', NULL, 1),
	(15, 15, 1, NULL, NULL, '2018-10-02 11:28:35', '2018-10-02 11:28:35', NULL, 1),
	(16, 16, 1, NULL, NULL, '2018-10-02 11:28:35', '2018-10-02 11:28:35', NULL, 1),
	(17, 17, 1, NULL, NULL, '2018-10-02 11:28:35', '2018-10-02 11:28:35', NULL, 1),
	(18, 18, 1, NULL, NULL, '2018-10-02 11:28:36', '2018-10-02 11:28:36', NULL, 1),
	(19, 19, 1, NULL, NULL, '2018-10-02 11:28:36', '2018-10-02 11:28:36', NULL, 1),
	(20, 20, 1, NULL, NULL, '2018-10-02 11:28:36', '2018-10-02 11:28:36', NULL, 1),
	(21, 21, 1, NULL, NULL, '2018-10-02 11:28:36', '2018-10-02 11:28:36', NULL, 1),
	(22, 22, 1, NULL, NULL, '2018-10-02 11:28:36', '2018-10-02 11:28:36', NULL, 1),
	(23, 23, 1, NULL, NULL, '2018-10-02 11:28:36', '2018-10-02 11:28:36', NULL, 1),
	(24, 24, 1, NULL, NULL, '2018-10-02 11:28:36', '2018-10-02 11:28:36', NULL, 1),
	(25, 25, 1, NULL, NULL, '2018-10-02 11:28:36', '2018-10-02 11:28:36', NULL, 1),
	(26, 26, 1, NULL, NULL, '2018-10-02 11:28:36', '2018-10-02 11:28:36', NULL, 1),
	(27, 27, 1, NULL, NULL, '2018-10-02 11:28:36', '2018-10-02 11:28:36', NULL, 1),
	(28, 28, 1, NULL, NULL, '2018-10-02 11:28:36', '2018-10-02 11:28:36', NULL, 1),
	(29, 29, 1, NULL, NULL, '2018-10-02 11:28:36', '2018-10-02 11:28:36', NULL, 1),
	(30, 30, 1, NULL, NULL, '2018-10-02 11:28:36', '2018-10-02 11:28:36', NULL, 1),
	(31, 31, 1, NULL, NULL, '2018-10-02 11:28:36', '2018-10-02 11:28:36', NULL, 1),
	(32, 32, 1, NULL, NULL, '2018-10-02 11:28:36', '2018-10-02 11:28:36', NULL, 1),
	(33, 33, 1, NULL, NULL, '2018-10-02 11:28:36', '2018-10-02 11:28:36', NULL, 1),
	(34, 34, 1, NULL, NULL, '2018-10-02 11:28:36', '2018-10-02 11:28:36', NULL, 1),
	(35, 35, 1, NULL, NULL, '2018-10-02 11:28:36', '2018-10-02 11:28:36', NULL, 1),
	(36, 36, 1, NULL, NULL, '2018-10-02 11:28:36', '2018-10-02 11:28:36', NULL, 1),
	(37, 37, 1, NULL, NULL, '2018-10-02 11:28:36', '2018-10-02 11:28:36', NULL, 1),
	(38, 38, 1, NULL, NULL, '2018-10-02 11:28:36', '2018-10-02 11:28:36', NULL, 1),
	(39, 39, 1, NULL, NULL, '2018-10-02 11:28:36', '2018-10-02 11:28:36', NULL, 1),
	(40, 40, 1, NULL, NULL, '2018-10-02 11:28:36', '2018-10-02 11:28:36', NULL, 1),
	(41, 41, 1, NULL, NULL, '2018-10-02 11:28:36', '2018-10-02 11:28:36', NULL, 1),
	(42, 42, 1, NULL, NULL, '2018-10-02 11:28:36', '2018-10-02 11:28:36', NULL, 1),
	(43, 43, 1, NULL, NULL, '2018-10-02 11:28:36', '2018-10-02 11:28:36', NULL, 1),
	(44, 44, 1, NULL, NULL, '2018-10-02 11:28:36', '2018-10-02 11:28:36', NULL, 1),
	(45, 45, 1, NULL, NULL, '2018-10-02 11:28:36', '2018-10-02 11:28:36', NULL, 1),
	(46, 46, 1, NULL, NULL, '2018-10-02 11:28:36', '2018-10-02 11:28:36', NULL, 1),
	(47, 47, 1, NULL, NULL, '2018-10-02 11:28:36', '2018-10-02 11:28:36', NULL, 1),
	(48, 48, 1, NULL, NULL, '2018-10-02 11:28:36', '2018-10-02 11:28:36', NULL, 1),
	(49, 49, 1, NULL, NULL, '2018-10-02 11:28:36', '2018-10-02 11:28:36', NULL, 1),
	(50, 50, 1, NULL, NULL, '2018-10-02 11:28:36', '2018-10-02 11:28:36', NULL, 1),
	(51, 51, 1, NULL, NULL, '2018-10-02 11:28:36', '2018-10-02 11:28:36', NULL, 1),
	(52, 52, 1, NULL, NULL, '2018-10-02 11:28:36', '2018-10-02 11:28:36', NULL, 1),
	(53, 53, 1, NULL, NULL, '2018-10-02 11:28:36', '2018-10-02 11:28:36', NULL, 1),
	(54, 54, 1, NULL, NULL, '2018-10-02 11:28:36', '2018-10-02 11:28:36', NULL, 1),
	(55, 55, 1, NULL, NULL, '2018-10-02 11:28:36', '2018-10-02 11:28:36', NULL, 1),
	(56, 56, 1, NULL, NULL, '2018-10-02 11:28:36', '2018-10-02 11:28:36', NULL, 1),
	(57, 57, 1, NULL, NULL, '2018-10-02 11:28:36', '2018-10-02 11:28:36', NULL, 1),
	(58, 58, 1, NULL, NULL, '2018-10-02 11:28:36', '2018-10-02 11:28:36', NULL, 1),
	(59, 59, 1, NULL, NULL, '2018-10-02 11:28:36', '2018-10-02 11:28:36', NULL, 1),
	(60, 60, 1, NULL, NULL, '2018-10-02 11:28:36', '2018-10-02 11:28:36', NULL, 1),
	(61, 61, 1, NULL, NULL, '2018-10-02 11:28:36', '2018-10-02 11:28:36', NULL, 1),
	(62, 62, 1, NULL, NULL, '2018-10-02 11:28:36', '2018-10-02 11:28:36', NULL, 1),
	(63, 63, 1, NULL, NULL, '2018-10-02 11:28:36', '2018-10-02 11:28:36', NULL, 1),
	(64, 64, 1, NULL, NULL, '2018-10-02 11:28:36', '2018-10-02 11:28:36', NULL, 1),
	(65, 65, 1, NULL, NULL, '2018-10-02 11:28:36', '2018-10-02 11:28:36', NULL, 1),
	(66, 66, 1, NULL, NULL, '2018-10-02 11:28:36', '2018-10-02 11:28:36', NULL, 1),
	(67, 67, 1, NULL, NULL, '2018-10-02 11:28:36', '2018-10-02 11:28:36', NULL, 1),
	(68, 68, 1, NULL, NULL, '2018-10-02 11:28:36', '2018-10-02 11:28:36', NULL, 1),
	(69, 69, 1, NULL, NULL, '2018-10-02 11:28:36', '2018-10-02 11:28:36', NULL, 1),
	(70, 70, 1, NULL, NULL, '2018-10-02 11:28:36', '2018-10-02 11:28:36', NULL, 1),
	(71, 71, 1, NULL, NULL, '2018-10-02 11:28:36', '2018-10-02 11:28:36', NULL, 1),
	(72, 72, 1, NULL, NULL, '2018-10-02 11:28:36', '2018-10-02 11:28:36', NULL, 1),
	(73, 73, 1, NULL, NULL, '2018-10-02 11:28:36', '2018-10-02 11:28:36', NULL, 1),
	(74, 74, 1, NULL, NULL, '2018-10-02 11:28:36', '2018-10-02 11:28:36', NULL, 1),
	(75, 75, 1, NULL, NULL, '2018-10-02 11:28:36', '2018-10-02 11:28:36', NULL, 1),
	(76, 76, 1, NULL, NULL, '2018-10-02 11:28:36', '2018-10-02 11:28:36', NULL, 1),
	(77, 77, 1, NULL, NULL, '2018-10-02 11:28:36', '2018-10-02 11:28:36', NULL, 1),
	(78, 78, 1, NULL, NULL, '2018-10-02 11:28:36', '2018-10-02 11:28:36', NULL, 1),
	(79, 79, 1, NULL, NULL, '2018-10-02 11:28:36', '2018-10-02 11:28:36', NULL, 1),
	(80, 80, 1, NULL, NULL, '2018-10-02 11:28:36', '2018-10-02 11:28:36', NULL, 1),
	(81, 81, 1, NULL, NULL, '2018-10-02 11:28:36', '2018-10-02 11:28:36', NULL, 1),
	(82, 82, 1, NULL, NULL, '2018-10-02 11:28:36', '2018-10-02 11:28:36', NULL, 1),
	(83, 83, 1, NULL, NULL, '2018-10-02 11:28:36', '2018-10-02 11:28:36', NULL, 1),
	(84, 84, 1, NULL, NULL, '2018-10-02 11:28:36', '2018-10-02 11:28:36', NULL, 1),
	(85, 85, 1, NULL, NULL, '2018-10-02 11:28:36', '2018-10-02 11:28:36', NULL, 1),
	(86, 86, 1, NULL, NULL, '2018-10-02 11:28:36', '2018-10-02 11:28:36', NULL, 1),
	(87, 87, 1, NULL, NULL, '2018-10-02 11:28:36', '2018-10-02 11:28:36', NULL, 1),
	(88, 88, 1, NULL, NULL, '2018-10-02 11:28:36', '2018-10-02 11:28:36', NULL, 1),
	(89, 89, 1, NULL, NULL, '2018-10-02 11:28:36', '2018-10-02 11:28:36', NULL, 1),
	(90, 90, 1, NULL, NULL, '2018-10-02 11:28:36', '2018-10-02 11:28:36', NULL, 1),
	(91, 91, 1, NULL, NULL, '2018-10-02 11:28:36', '2018-10-02 11:28:36', NULL, 1),
	(92, 92, 1, NULL, NULL, '2018-10-02 11:28:36', '2018-10-02 11:28:36', NULL, 1),
	(93, 93, 1, NULL, NULL, '2018-10-02 11:28:36', '2018-10-02 11:28:36', NULL, 1),
	(94, 94, 1, NULL, NULL, '2018-10-02 11:28:36', '2018-10-02 11:28:36', NULL, 1),
	(95, 95, 1, NULL, NULL, '2018-10-02 11:28:36', '2018-10-02 11:28:36', NULL, 1),
	(96, 96, 1, NULL, NULL, '2018-10-02 11:28:36', '2018-10-02 11:28:36', NULL, 1),
	(97, 97, 1, NULL, NULL, '2018-10-02 11:28:36', '2018-10-02 11:28:36', NULL, 1),
	(98, 98, 1, NULL, NULL, '2018-10-02 11:28:36', '2018-10-02 11:28:36', NULL, 1),
	(99, 99, 1, NULL, NULL, '2018-10-02 11:28:36', '2018-10-02 11:28:36', NULL, 1),
	(100, 100, 1, NULL, NULL, '2018-10-02 11:28:36', '2018-10-02 11:28:36', NULL, 1),
	(101, 101, 1, NULL, NULL, '2018-10-02 11:28:36', '2018-10-02 11:28:36', NULL, 1),
	(102, 102, 1, NULL, NULL, '2018-10-02 11:28:36', '2018-10-02 11:28:36', NULL, 1),
	(103, 103, 1, NULL, NULL, '2018-10-02 11:28:36', '2018-10-02 11:28:36', NULL, 1),
	(104, 104, 1, NULL, NULL, '2018-10-02 11:28:36', '2018-10-02 11:28:36', NULL, 1),
	(105, 105, 1, NULL, NULL, '2018-10-02 11:28:36', '2018-10-02 11:28:36', NULL, 1),
	(106, 106, 1, NULL, NULL, '2018-10-02 11:28:36', '2018-10-02 11:28:36', NULL, 1),
	(107, 107, 1, NULL, NULL, '2018-10-02 11:28:36', '2018-10-02 11:28:36', NULL, 1);
/*!40000 ALTER TABLE `persemp` ENABLE KEYS */;

-- Volcando datos para la tabla assistoperaciones.pershabil: ~662 rows (aproximadamente)
DELETE FROM `pershabil`;
/*!40000 ALTER TABLE `pershabil` DISABLE KEYS */;
INSERT INTO `pershabil` (`PersHabilID`, `Habilidadess_HabilidadesID`, `personas_PersonasID`, `PersHabilCertificacion`, `PersHabilNivExp`, `created_at`, `updated_at`, `PersHabilUsuario`, `PersHabilEstado`) VALUES
	(2, 24, 1, 'NO', 'BAJO', '2018-07-11 16:30:40', '2018-07-11 16:30:40', NULL, 1),
	(3, 54, 1, 'NO', 'BAJO', '2018-07-11 16:30:40', '2018-07-11 16:30:40', NULL, 1),
	(4, 166, 1, 'NO', 'BAJO', '2018-07-11 16:30:40', '2018-07-11 16:30:40', NULL, 1),
	(5, 51, 2, 'DESARROLLADOR', 'AVANZADO', '2018-07-11 16:30:40', '2018-07-11 16:30:40', NULL, 1),
	(6, 52, 2, 'DESARROLLADOR', 'AVANZADO', '2018-07-11 16:30:40', '2018-07-11 16:30:40', NULL, 1),
	(7, 53, 2, 'DESARROLLADOR', 'AVANZADO', '2018-07-11 16:30:40', '2018-07-11 16:30:40', NULL, 1),
	(8, 54, 2, 'DESARROLLADOR', 'AVANZADO', '2018-07-11 16:30:40', '2018-07-11 16:30:40', NULL, 1),
	(9, 158, 2, 'NO', 'INTERMEDIO', '2018-07-11 16:30:40', '2018-07-11 16:30:40', NULL, 1),
	(10, 19, 3, 'NO', 'BAJO', '2018-07-11 16:30:40', '2018-07-11 16:30:40', NULL, 1),
	(11, 54, 3, 'NO', 'BAJO', '2018-07-11 16:30:40', '2018-07-11 16:30:40', NULL, 1),
	(12, 127, 3, 'NO', 'BAJO', '2018-07-11 16:30:40', '2018-07-11 16:30:40', NULL, 1),
	(13, 128, 3, 'NO', 'BAJO', '2018-07-11 16:30:40', '2018-07-11 16:30:40', NULL, 1),
	(14, 129, 3, 'NO', 'BAJO', '2018-07-11 16:30:40', '2018-07-11 16:30:40', NULL, 1),
	(15, 137, 3, 'NO', 'BAJO', '2018-07-11 16:30:40', '2018-07-11 16:30:40', NULL, 1),
	(16, 141, 3, 'NO', 'BAJO', '2018-07-11 16:30:40', '2018-07-11 16:30:40', NULL, 1),
	(17, 28, 4, 'NO', 'BAJO', '2018-07-11 16:30:40', '2018-07-11 16:30:40', NULL, 1),
	(18, 127, 5, 'NO', 'BAJO', '2018-07-11 16:30:40', '2018-07-11 16:30:40', NULL, 1),
	(19, 128, 5, 'NO', 'BAJO', '2018-07-11 16:30:40', '2018-07-11 16:30:40', NULL, 1),
	(20, 140, 5, 'NO', 'BAJO', '2018-07-11 16:30:40', '2018-07-11 16:30:40', NULL, 1),
	(21, 16, 6, 'NO', 'BAJO', '2018-07-11 16:30:40', '2018-07-11 16:30:40', NULL, 1),
	(22, 53, 6, 'NO', 'BAJO', '2018-07-11 16:30:40', '2018-07-11 16:30:40', NULL, 1),
	(23, 54, 6, 'NO', 'BAJO', '2018-07-11 16:30:40', '2018-07-11 16:30:40', NULL, 1),
	(24, 140, 6, 'NO', 'BAJO', '2018-07-11 16:30:40', '2018-07-11 16:30:40', NULL, 1),
	(25, 24, 7, 'NO', 'BAJO', '2018-07-11 16:30:40', '2018-07-11 16:30:40', NULL, 1),
	(26, 54, 7, 'NO', 'BAJO', '2018-07-11 16:30:40', '2018-07-11 16:30:40', NULL, 1),
	(27, 24, 9, 'NO', 'BAJO', '2018-07-11 16:30:40', '2018-07-11 16:30:40', NULL, 1),
	(28, 52, 9, 'DESARROLLADOR', 'BAJO', '2018-07-11 16:30:40', '2018-07-11 16:30:40', NULL, 1),
	(29, 53, 9, 'NO', 'BAJO', '2018-07-11 16:30:40', '2018-07-11 16:30:40', NULL, 1),
	(30, 54, 9, 'NO', 'BAJO', '2018-07-11 16:30:40', '2018-07-11 16:30:40', NULL, 1),
	(31, 120, 9, 'NO', 'BAJO', '2018-07-11 16:30:40', '2018-07-11 16:30:40', NULL, 1),
	(32, 134, 9, 'NO', 'BAJO', '2018-07-11 16:30:40', '2018-07-11 16:30:40', NULL, 1),
	(33, 140, 9, 'NO', 'BAJO', '2018-07-11 16:30:40', '2018-07-11 16:30:40', NULL, 1),
	(34, 158, 9, 'NO', 'BAJO', '2018-07-11 16:30:40', '2018-07-11 16:30:40', NULL, 1),
	(35, 160, 9, 'NO', 'BAJO', '2018-07-11 16:30:40', '2018-07-11 16:30:40', NULL, 1),
	(36, 164, 9, 'NO', 'BAJO', '2018-07-11 16:30:40', '2018-07-11 16:30:40', NULL, 1),
	(37, 54, 10, 'NO', 'BAJO', '2018-07-11 16:30:40', '2018-07-11 16:30:40', NULL, 1),
	(38, 129, 10, 'NO', 'BAJO', '2018-07-11 16:30:40', '2018-07-11 16:30:40', NULL, 1),
	(39, 137, 10, 'NO', 'BAJO', '2018-07-11 16:30:40', '2018-07-11 16:30:40', NULL, 1),
	(40, 141, 10, 'NO', 'BAJO', '2018-07-11 16:30:40', '2018-07-11 16:30:40', NULL, 1),
	(41, 158, 10, 'NO', 'BAJO', '2018-07-11 16:30:40', '2018-07-11 16:30:40', NULL, 1),
	(42, 35, 11, 'NO', 'BAJO', '2018-07-11 16:30:40', '2018-07-11 16:30:40', NULL, 1),
	(43, 122, 11, 'NO', 'BAJO', '2018-07-11 16:30:40', '2018-07-11 16:30:40', NULL, 1),
	(44, 129, 11, 'NO', 'BAJO', '2018-07-11 16:30:40', '2018-07-11 16:30:40', NULL, 1),
	(45, 140, 11, 'NO', 'BAJO', '2018-07-11 16:30:40', '2018-07-11 16:30:40', NULL, 1),
	(46, 142, 11, 'NO', 'BAJO', '2018-07-11 16:30:40', '2018-07-11 16:30:40', NULL, 1),
	(47, 145, 11, 'NO', 'BAJO', '2018-07-11 16:30:40', '2018-07-11 16:30:40', NULL, 1),
	(48, 148, 11, 'NO', 'BAJO', '2018-07-11 16:30:40', '2018-07-11 16:30:40', NULL, 1),
	(49, 18, 12, 'NO', 'BAJO', '2018-07-11 16:30:40', '2018-07-11 16:30:40', NULL, 1),
	(50, 54, 12, 'NO', 'BAJO', '2018-07-11 16:30:40', '2018-07-11 16:30:40', NULL, 1),
	(51, 89, 12, 'NO', 'BAJO', '2018-07-11 16:30:40', '2018-07-11 16:30:40', NULL, 1),
	(52, 90, 12, 'NO', 'BAJO', '2018-07-11 16:30:40', '2018-07-11 16:30:40', NULL, 1),
	(53, 25, 13, 'NO', 'BAJO', '2018-07-11 16:30:40', '2018-07-11 16:30:40', NULL, 1),
	(54, 32, 13, 'NO', 'BAJO', '2018-07-11 16:30:40', '2018-07-11 16:30:40', NULL, 1),
	(55, 62, 13, 'NO', 'BAJO', '2018-07-11 16:30:40', '2018-07-11 16:30:40', NULL, 1),
	(56, 65, 13, 'NO', 'BAJO', '2018-07-13 08:49:07', '2018-07-13 08:49:07', NULL, 1),
	(57, 66, 13, 'NO', 'BAJO', '2018-07-11 16:30:40', '2018-07-11 16:30:40', NULL, 1),
	(58, 76, 13, 'NO', 'BAJO', '2018-07-11 16:30:40', '2018-07-11 16:30:40', NULL, 1),
	(59, 77, 13, 'NO', 'BAJO', '2018-07-11 16:30:40', '2018-07-11 16:30:40', NULL, 1),
	(60, 88, 13, 'NO', 'BAJO', '2018-07-11 16:30:40', '2018-07-11 16:30:40', NULL, 1),
	(61, 140, 13, 'NO', 'BAJO', '2018-07-11 16:30:40', '2018-07-11 16:30:40', NULL, 1),
	(62, 152, 13, 'NO', 'BAJO', '2018-07-11 16:30:40', '2018-07-11 16:30:40', NULL, 1),
	(63, 154, 13, 'NO', 'BAJO', '2018-07-11 16:30:40', '2018-07-11 16:30:40', NULL, 1),
	(64, 158, 13, 'NO', 'BAJO', '2018-07-11 16:30:40', '2018-07-11 16:30:40', NULL, 1),
	(65, 120, 15, 'NO', 'BAJO', '2018-07-11 16:30:40', '2018-07-11 16:30:40', NULL, 1),
	(66, 129, 15, 'NO', 'BAJO', '2018-07-11 16:30:40', '2018-07-11 16:30:40', NULL, 1),
	(67, 137, 15, 'NO', 'BAJO', '2018-07-11 16:30:40', '2018-07-11 16:30:40', NULL, 1),
	(68, 138, 15, 'NO', 'BAJO', '2018-07-11 16:30:40', '2018-07-11 16:30:40', NULL, 1),
	(69, 142, 15, 'NO', 'BAJO', '2018-07-11 16:30:40', '2018-07-11 16:30:40', NULL, 1),
	(70, 148, 15, 'NO', 'BAJO', '2018-07-11 16:30:40', '2018-07-11 16:30:40', NULL, 1),
	(71, 151, 15, 'NO', 'BAJO', '2018-07-11 16:30:40', '2018-07-11 16:30:40', NULL, 1),
	(72, 153, 15, 'NO', 'BAJO', '2018-07-11 16:30:40', '2018-07-11 16:30:40', NULL, 1),
	(73, 158, 15, 'NO', 'BAJO', '2018-07-11 16:30:40', '2018-07-11 16:30:40', NULL, 1),
	(74, 161, 15, 'NO', 'BAJO', '2018-07-11 16:30:40', '2018-07-11 16:30:40', NULL, 1),
	(75, 24, 16, 'NO', 'BAJO', '2018-07-11 16:30:40', '2018-07-11 16:30:40', NULL, 1),
	(76, 54, 16, 'NO', 'BAJO', '2018-07-11 16:30:40', '2018-07-11 16:30:40', NULL, 1),
	(77, 115, 16, 'NO', 'BAJO', '2018-07-11 16:30:40', '2018-07-11 16:30:40', NULL, 1),
	(78, 119, 16, 'NO', 'BAJO', '2018-07-11 16:30:40', '2018-07-11 16:30:40', NULL, 1),
	(79, 16, 17, 'NO', 'BAJO', '2018-07-11 16:30:40', '2018-07-11 16:30:40', NULL, 1),
	(80, 64, 17, 'NO', 'BAJO', '2018-07-11 16:30:40', '2018-07-11 16:30:40', NULL, 1),
	(81, 140, 17, 'NO', 'BAJO', '2018-07-11 16:30:40', '2018-07-11 16:30:40', NULL, 1),
	(82, 142, 17, 'NO', 'BAJO', '2018-07-11 16:30:40', '2018-07-11 16:30:40', NULL, 1),
	(83, 158, 17, 'NO', 'BAJO', '2018-07-11 16:30:40', '2018-07-11 16:30:40', NULL, 1),
	(84, 140, 18, 'NO', 'BAJO', '2018-07-11 16:30:40', '2018-07-11 16:30:40', NULL, 1),
	(85, 158, 18, 'NO', 'BAJO', '2018-07-11 16:30:40', '2018-07-11 16:30:40', NULL, 1),
	(86, 54, 19, 'NO', 'BAJO', '2018-07-13 09:03:15', '2018-07-13 09:03:15', NULL, 1),
	(87, 184, 19, 'NO', 'BAJO', '2018-07-13 09:03:15', '2018-07-13 09:03:15', NULL, 1),
	(88, 185, 19, 'NO', 'BAJO', '2018-07-13 09:03:15', '2018-07-13 09:03:15', NULL, 1),
	(89, 127, 20, 'NO', 'BAJO', '2018-07-11 16:30:40', '2018-07-11 16:30:40', NULL, 1),
	(90, 129, 20, 'NO', 'BAJO', '2018-07-11 16:30:40', '2018-07-11 16:30:40', NULL, 1),
	(91, 137, 20, 'NO', 'BAJO', '2018-07-11 16:30:40', '2018-07-11 16:30:40', NULL, 1),
	(92, 140, 20, 'NO', 'BAJO', '2018-07-11 16:30:40', '2018-07-11 16:30:40', NULL, 1),
	(93, 142, 20, 'NO', 'BAJO', '2018-07-11 16:30:40', '2018-07-11 16:30:40', NULL, 1),
	(94, 54, 21, 'NO', 'BAJO', '2018-07-11 16:30:40', '2018-07-11 16:30:40', NULL, 1),
	(95, 87, 21, 'NO', 'BAJO', '2018-07-11 16:30:40', '2018-07-11 16:30:40', NULL, 1),
	(96, 126, 21, 'NO', 'BAJO', '2018-07-11 16:30:40', '2018-07-11 16:30:40', NULL, 1),
	(97, 136, 21, 'NO', 'BAJO', '2018-07-11 16:30:40', '2018-07-11 16:30:40', NULL, 1),
	(98, 154, 21, 'NO', 'BAJO', '2018-07-11 16:30:40', '2018-07-11 16:30:40', NULL, 1),
	(99, 61, 22, 'NO', 'BAJO', '2018-07-11 16:30:40', '2018-07-11 16:30:40', NULL, 1),
	(100, 122, 22, 'NO', 'BAJO', '2018-07-11 16:30:40', '2018-07-11 16:30:40', NULL, 1),
	(101, 129, 22, 'NO', 'BAJO', '2018-07-11 16:30:40', '2018-07-11 16:30:40', NULL, 1),
	(102, 137, 22, 'NO', 'BAJO', '2018-07-11 16:30:40', '2018-07-11 16:30:40', NULL, 1),
	(103, 140, 22, 'NO', 'BAJO', '2018-07-11 16:30:40', '2018-07-11 16:30:40', NULL, 1),
	(104, 142, 22, 'NO', 'BAJO', '2018-07-11 16:30:40', '2018-07-11 16:30:40', NULL, 1),
	(105, 79, 24, 'NO', 'BAJO', '2018-07-11 16:30:40', '2018-07-11 16:30:40', NULL, 1),
	(106, 121, 24, 'NO', 'BAJO', '2018-07-11 16:30:40', '2018-07-11 16:30:40', NULL, 1),
	(107, 122, 24, 'NO', 'BAJO', '2018-07-11 16:30:40', '2018-07-11 16:30:40', NULL, 1),
	(108, 138, 24, 'NO', 'BAJO', '2018-07-11 16:30:40', '2018-07-11 16:30:40', NULL, 1),
	(109, 140, 24, 'NO', 'BAJO', '2018-07-11 16:30:40', '2018-07-11 16:30:40', NULL, 1),
	(110, 158, 24, 'NO', 'BAJO', '2018-07-11 16:30:40', '2018-07-11 16:30:40', NULL, 1),
	(111, 24, 25, 'NO', 'BAJO', '2018-07-11 16:30:40', '2018-07-11 16:30:40', NULL, 1),
	(112, 51, 25, 'NO', 'BAJO', '2018-07-11 16:30:40', '2018-07-11 16:30:40', NULL, 1),
	(113, 52, 25, 'NO', 'BAJO', '2018-07-11 16:30:40', '2018-07-11 16:30:40', NULL, 1),
	(114, 53, 25, 'NO', 'BAJO', '2018-07-11 16:30:40', '2018-07-11 16:30:40', NULL, 1),
	(115, 54, 25, 'DESARROLLADOR', 'BAJO', '2018-07-11 16:30:40', '2018-07-11 16:30:40', NULL, 1),
	(116, 97, 25, 'NO', 'BAJO', '2018-07-11 16:30:40', '2018-07-11 16:30:40', NULL, 1),
	(117, 142, 25, 'NO', 'BAJO', '2018-07-11 16:30:40', '2018-07-11 16:30:40', NULL, 1),
	(118, 149, 25, 'NO', 'BAJO', '2018-07-11 16:30:40', '2018-07-11 16:30:40', NULL, 1),
	(119, 15, 26, 'NO', 'BAJO', '2018-07-11 16:30:40', '2018-07-11 16:30:40', NULL, 1),
	(120, 112, 26, 'NO', 'BAJO', '2018-07-11 16:30:40', '2018-07-11 16:30:40', NULL, 1),
	(121, 120, 26, 'NO', 'BAJO', '2018-07-11 16:30:40', '2018-07-11 16:30:40', NULL, 1),
	(122, 140, 26, 'NO', 'BAJO', '2018-07-11 16:30:40', '2018-07-11 16:30:40', NULL, 1),
	(123, 149, 26, 'NO', 'BAJO', '2018-07-11 16:30:40', '2018-07-11 16:30:40', NULL, 1),
	(124, 158, 26, 'NO', 'BAJO', '2018-07-11 16:30:40', '2018-07-11 16:30:40', NULL, 1),
	(125, 11, 28, 'NO', 'BAJO', '2018-07-11 16:30:40', '2018-07-11 16:30:40', NULL, 1),
	(126, 12, 28, 'NO', 'BAJO', '2018-07-11 16:30:40', '2018-07-11 16:30:40', NULL, 1),
	(127, 13, 28, 'NO', 'BAJO', '2018-07-11 16:30:40', '2018-07-11 16:30:40', NULL, 1),
	(128, 15, 28, 'NO', 'BAJO', '2018-07-11 16:30:40', '2018-07-11 16:30:40', NULL, 1),
	(129, 16, 28, 'NO', 'BAJO', '2018-07-11 16:30:40', '2018-07-11 16:30:40', NULL, 1),
	(130, 21, 28, 'NO', 'BAJO', '2018-07-11 16:30:40', '2018-07-11 16:30:40', NULL, 1),
	(131, 44, 28, 'NO', 'BAJO', '2018-07-11 16:30:40', '2018-07-11 16:30:40', NULL, 1),
	(132, 45, 28, 'NO', 'BAJO', '2018-07-11 16:30:40', '2018-07-11 16:30:40', NULL, 1),
	(133, 51, 28, 'NO', 'BAJO', '2018-07-11 16:30:40', '2018-07-11 16:30:40', NULL, 1),
	(134, 52, 28, 'NO', 'BAJO', '2018-07-11 16:30:40', '2018-07-11 16:30:40', NULL, 1),
	(135, 53, 28, 'NO', 'BAJO', '2018-07-11 16:30:40', '2018-07-11 16:30:40', NULL, 1),
	(136, 54, 28, 'DESARROLLADOR', 'BAJO', '2018-07-11 16:30:40', '2018-07-11 16:30:40', NULL, 1),
	(137, 72, 28, 'NO', 'BAJO', '2018-07-11 16:30:40', '2018-07-11 16:30:40', NULL, 1),
	(138, 82, 28, 'NO', 'BAJO', '2018-07-11 16:30:40', '2018-07-11 16:30:40', NULL, 1),
	(139, 86, 28, 'NO', 'BAJO', '2018-07-11 16:30:40', '2018-07-11 16:30:40', NULL, 1),
	(140, 100, 28, 'NO', 'BAJO', '2018-07-11 16:30:40', '2018-07-11 16:30:40', NULL, 1),
	(141, 130, 28, 'NO', 'BAJO', '2018-07-11 16:30:40', '2018-07-11 16:30:40', NULL, 1),
	(142, 138, 28, 'NO', 'BAJO', '2018-07-11 16:30:40', '2018-07-11 16:30:40', NULL, 1),
	(143, 142, 28, 'NO', 'BAJO', '2018-07-11 16:30:40', '2018-07-11 16:30:40', NULL, 1),
	(144, 148, 28, 'NO', 'BAJO', '2018-07-11 16:30:40', '2018-07-11 16:30:40', NULL, 1),
	(145, 151, 28, 'NO', 'BAJO', '2018-07-11 16:30:40', '2018-07-11 16:30:40', NULL, 1),
	(146, 122, 29, 'NO', 'BAJO', '2018-07-11 16:30:40', '2018-07-11 16:30:40', NULL, 1),
	(147, 138, 29, 'NO', 'BAJO', '2018-07-11 16:30:40', '2018-07-11 16:30:40', NULL, 1),
	(148, 148, 29, 'NO', 'BAJO', '2018-07-11 16:30:40', '2018-07-11 16:30:40', NULL, 1),
	(149, 70, 30, 'NO', 'BAJO', '2018-07-11 16:30:40', '2018-07-11 16:30:40', NULL, 1),
	(150, 94, 30, 'NO', 'BAJO', '2018-07-11 16:30:40', '2018-07-11 16:30:40', NULL, 1),
	(151, 95, 30, 'NO', 'BAJO', '2018-07-11 16:30:40', '2018-07-11 16:30:40', NULL, 1),
	(152, 106, 30, 'NO', 'BAJO', '2018-07-11 16:30:40', '2018-07-11 16:30:40', NULL, 1),
	(153, 109, 30, 'NO', 'BAJO', '2018-07-11 16:30:40', '2018-07-11 16:30:40', NULL, 1),
	(154, 28, 31, 'NO', 'BAJO', '2018-07-11 16:30:40', '2018-07-11 16:30:40', NULL, 1),
	(155, 1, 34, 'NO', 'BAJO', '2018-07-11 16:30:40', '2018-07-11 16:30:40', NULL, 1),
	(156, 5, 34, 'NO', 'BAJO', '2018-07-11 16:30:40', '2018-07-11 16:30:40', NULL, 1),
	(157, 22, 34, 'NO', 'BAJO', '2018-07-11 16:30:40', '2018-07-11 16:30:40', NULL, 1),
	(158, 30, 34, 'NO', 'BAJO', '2018-07-11 16:30:40', '2018-07-11 16:30:40', NULL, 1),
	(159, 33, 34, 'NO', 'BAJO', '2018-07-11 16:30:40', '2018-07-11 16:30:40', NULL, 1),
	(160, 36, 34, 'NO', 'BAJO', '2018-07-11 16:30:40', '2018-07-11 16:30:40', NULL, 1),
	(161, 39, 34, 'NO', 'BAJO', '2018-07-11 16:30:40', '2018-07-11 16:30:40', NULL, 1),
	(162, 40, 34, 'NO', 'BAJO', '2018-07-11 16:30:40', '2018-07-11 16:30:40', NULL, 1),
	(163, 70, 34, 'NO', 'BAJO', '2018-07-11 16:30:40', '2018-07-11 16:30:40', NULL, 1),
	(164, 90, 34, 'NO', 'BAJO', '2018-07-11 16:30:40', '2018-07-11 16:30:40', NULL, 1),
	(165, 94, 34, 'NO', 'BAJO', '2018-07-11 16:30:40', '2018-07-11 16:30:40', NULL, 1),
	(166, 101, 34, 'NO', 'BAJO', '2018-07-11 16:30:40', '2018-07-11 16:30:40', NULL, 1),
	(167, 103, 34, 'NO', 'BAJO', '2018-07-11 16:30:40', '2018-07-11 16:30:40', NULL, 1),
	(168, 7, 35, 'NO', 'BAJO', '2018-07-11 16:30:40', '2018-07-11 16:30:40', NULL, 1),
	(169, 27, 36, 'NO', 'BAJO', '2018-07-11 16:30:40', '2018-07-11 16:30:40', NULL, 1),
	(170, 58, 36, 'NO', 'BAJO', '2018-07-11 16:30:40', '2018-07-11 16:30:40', NULL, 1),
	(171, 24, 37, 'NO', 'BAJO', '2018-07-11 16:30:40', '2018-07-11 16:30:40', NULL, 1),
	(172, 51, 37, 'NO', 'BAJO', '2018-07-11 16:30:40', '2018-07-11 16:30:40', NULL, 1),
	(173, 52, 37, 'DESARROLLADOR', 'BAJO', '2018-07-11 16:30:40', '2018-07-11 16:30:40', NULL, 1),
	(174, 53, 37, 'DESARROLLADOR', 'BAJO', '2018-07-11 16:30:40', '2018-07-11 16:30:40', NULL, 1),
	(175, 54, 37, 'DESARROLLADOR', 'BAJO', '2018-07-11 16:30:40', '2018-07-11 16:30:40', NULL, 1),
	(176, 131, 37, 'NO', 'BAJO', '2018-07-11 16:30:40', '2018-07-11 16:30:40', NULL, 1),
	(177, 134, 37, 'NO', 'BAJO', '2018-07-11 16:30:40', '2018-07-11 16:30:40', NULL, 1),
	(178, 140, 37, 'NO', 'BAJO', '2018-07-11 16:30:40', '2018-07-11 16:30:40', NULL, 1),
	(179, 24, 38, 'NO', 'BAJO', '2018-07-11 16:30:40', '2018-07-11 16:30:40', NULL, 1),
	(180, 52, 38, 'DESARROLLADOR', 'BAJO', '2018-07-11 16:30:40', '2018-07-11 16:30:40', NULL, 1),
	(181, 6, 40, 'NO', 'BAJO', '2018-07-11 16:30:40', '2018-07-11 16:30:40', NULL, 1),
	(182, 7, 40, 'NO', 'BAJO', '2018-07-11 16:30:40', '2018-07-11 16:30:40', NULL, 1),
	(183, 24, 40, 'SI', 'BAJO', '2018-07-11 16:30:40', '2018-07-11 16:30:40', NULL, 1),
	(184, 42, 40, 'NO', 'BAJO', '2018-07-11 16:30:40', '2018-07-11 16:30:40', NULL, 1),
	(185, 51, 40, 'DESARROLLADOR', 'BAJO', '2018-07-11 16:30:40', '2018-07-11 16:30:40', NULL, 1),
	(186, 52, 40, 'NO', 'BAJO', '2018-07-11 16:30:40', '2018-07-11 16:30:40', NULL, 1),
	(187, 53, 40, 'NO', 'BAJO', '2018-07-11 16:30:40', '2018-07-11 16:30:40', NULL, 1),
	(188, 54, 40, 'DESARROLLADOR', 'BAJO', '2018-07-11 16:30:40', '2018-07-11 16:30:40', NULL, 1),
	(189, 75, 40, 'NO', 'BAJO', '2018-07-11 16:30:40', '2018-07-11 16:30:40', NULL, 1),
	(190, 120, 40, 'NO', 'BAJO', '2018-07-11 16:30:40', '2018-07-11 16:30:40', NULL, 1),
	(191, 127, 40, 'NO', 'BAJO', '2018-07-11 16:30:40', '2018-07-11 16:30:40', NULL, 1),
	(192, 137, 40, 'NO', 'BAJO', '2018-07-11 16:30:40', '2018-07-11 16:30:40', NULL, 1),
	(193, 140, 40, 'NO', 'BAJO', '2018-07-11 16:30:40', '2018-07-11 16:30:40', NULL, 1),
	(194, 148, 40, 'NO', 'BAJO', '2018-07-11 16:30:40', '2018-07-11 16:30:40', NULL, 1),
	(195, 151, 40, 'NO', 'BAJO', '2018-07-11 16:30:40', '2018-07-11 16:30:40', NULL, 1),
	(196, 51, 41, 'NO', 'BAJO', '2018-07-11 16:30:40', '2018-07-11 16:30:40', NULL, 1),
	(197, 54, 41, 'NO', 'BAJO', '2018-07-11 16:30:40', '2018-07-11 16:30:40', NULL, 1),
	(198, 60, 41, 'NO', 'BAJO', '2018-07-11 16:30:40', '2018-07-11 16:30:40', NULL, 1),
	(199, 122, 41, 'NO', 'BAJO', '2018-07-11 16:30:40', '2018-07-11 16:30:40', NULL, 1),
	(200, 140, 41, 'NO', 'BAJO', '2018-07-11 16:30:40', '2018-07-11 16:30:40', NULL, 1),
	(201, 142, 41, 'NO', 'BAJO', '2018-07-11 16:30:40', '2018-07-11 16:30:40', NULL, 1),
	(202, 143, 41, 'NO', 'BAJO', '2018-07-11 16:30:40', '2018-07-11 16:30:40', NULL, 1),
	(203, 144, 41, 'NO', 'BAJO', '2018-07-11 16:30:40', '2018-07-11 16:30:40', NULL, 1),
	(204, 151, 41, 'NO', 'BAJO', '2018-07-11 16:30:40', '2018-07-11 16:30:40', NULL, 1),
	(205, 158, 41, 'NO', 'BAJO', '2018-07-11 16:30:40', '2018-07-11 16:30:40', NULL, 1),
	(206, 16, 42, 'NO', 'BAJO', '2018-07-11 16:30:40', '2018-07-11 16:30:40', NULL, 1),
	(207, 122, 42, 'NO', 'BAJO', '2018-07-11 16:30:40', '2018-07-11 16:30:40', NULL, 1),
	(208, 149, 42, 'NO', 'BAJO', '2018-07-11 16:30:40', '2018-07-11 16:30:40', NULL, 1),
	(209, 158, 42, 'NO', 'BAJO', '2018-07-11 16:30:40', '2018-07-11 16:30:40', NULL, 1),
	(210, 163, 42, 'NO', 'BAJO', '2018-07-11 16:30:40', '2018-07-11 16:30:40', NULL, 1),
	(211, 2, 44, 'NO', 'BAJO', '2018-07-11 16:30:40', '2018-07-11 16:30:40', NULL, 1),
	(212, 37, 44, 'NO', 'BAJO', '2018-07-11 16:30:40', '2018-07-11 16:30:40', NULL, 1),
	(213, 45, 44, 'NO', 'BAJO', '2018-07-11 16:30:40', '2018-07-11 16:30:40', NULL, 1),
	(214, 122, 44, 'NO', 'BAJO', '2018-07-11 16:30:40', '2018-07-11 16:30:40', NULL, 1),
	(215, 123, 44, 'NO', 'BAJO', '2018-07-11 16:30:40', '2018-07-11 16:30:40', NULL, 1),
	(216, 148, 44, 'NO', 'BAJO', '2018-07-11 16:30:40', '2018-07-11 16:30:40', NULL, 1),
	(217, 20, 46, 'NO', 'BAJO', '2018-07-11 16:30:40', '2018-07-11 16:30:40', NULL, 1),
	(218, 54, 46, 'NO', 'BAJO', '2018-07-11 16:30:40', '2018-07-11 16:30:40', NULL, 1),
	(219, 125, 46, 'NO', 'BAJO', '2018-07-11 16:30:40', '2018-07-11 16:30:40', NULL, 1),
	(220, 127, 46, 'NO', 'BAJO', '2018-07-11 16:30:40', '2018-07-11 16:30:40', NULL, 1),
	(221, 128, 46, 'NO', 'BAJO', '2018-07-11 16:30:40', '2018-07-11 16:30:40', NULL, 1),
	(222, 129, 46, 'NO', 'BAJO', '2018-07-11 16:30:40', '2018-07-11 16:30:40', NULL, 1),
	(223, 136, 46, 'NO', 'BAJO', '2018-07-11 16:30:40', '2018-07-11 16:30:40', NULL, 1),
	(224, 137, 46, 'NO', 'BAJO', '2018-07-11 16:30:40', '2018-07-11 16:30:40', NULL, 1),
	(225, 142, 46, 'NO', 'BAJO', '2018-07-11 16:30:40', '2018-07-11 16:30:40', NULL, 1),
	(226, 41, 47, 'NO', 'BAJO', '2018-07-11 16:30:40', '2018-07-11 16:30:40', NULL, 1),
	(227, 122, 47, 'NO', 'BAJO', '2018-07-11 16:30:40', '2018-07-11 16:30:40', NULL, 1),
	(228, 135, 47, 'NO', 'BAJO', '2018-07-11 16:30:40', '2018-07-11 16:30:40', NULL, 1),
	(229, 140, 47, 'NO', 'BAJO', '2018-07-11 16:30:40', '2018-07-11 16:30:40', NULL, 1),
	(230, 142, 47, 'NO', 'BAJO', '2018-07-11 16:30:40', '2018-07-11 16:30:40', NULL, 1),
	(231, 145, 47, 'NO', 'BAJO', '2018-07-11 16:30:40', '2018-07-11 16:30:40', NULL, 1),
	(232, 148, 47, 'NO', 'BAJO', '2018-07-11 16:30:40', '2018-07-11 16:30:40', NULL, 1),
	(233, 158, 47, 'NO', 'BAJO', '2018-07-11 16:30:40', '2018-07-11 16:30:40', NULL, 1),
	(234, 161, 47, 'NO', 'BAJO', '2018-07-11 16:30:40', '2018-07-11 16:30:40', NULL, 1),
	(235, 28, 48, 'NO', 'BAJO', '2018-07-11 16:30:40', '2018-07-11 16:30:40', NULL, 1),
	(236, 15, 49, 'NO', 'BAJO', '2018-07-11 16:30:40', '2018-07-11 16:30:40', NULL, 1),
	(237, 24, 49, 'NO', 'BAJO', '2018-07-11 16:30:40', '2018-07-11 16:30:40', NULL, 1),
	(238, 44, 49, 'NO', 'BAJO', '2018-07-11 16:30:40', '2018-07-11 16:30:40', NULL, 1),
	(239, 54, 49, 'NO', 'BAJO', '2018-07-11 16:30:40', '2018-07-11 16:30:40', NULL, 1),
	(240, 78, 49, 'NO', 'BAJO', '2018-07-11 16:30:40', '2018-07-11 16:30:40', NULL, 1),
	(241, 140, 49, 'NO', 'BAJO', '2018-07-11 16:30:40', '2018-07-11 16:30:40', NULL, 1),
	(242, 24, 50, 'SI', 'BAJO', '2018-07-11 16:30:40', '2018-07-11 16:30:40', NULL, 1),
	(243, 52, 50, 'DESARROLLADOR', 'BAJO', '2018-07-11 16:30:40', '2018-07-11 16:30:40', NULL, 1),
	(244, 53, 50, 'DESARROLLADOR', 'BAJO', '2018-07-11 16:30:40', '2018-07-11 16:30:40', NULL, 1),
	(245, 54, 50, 'DESARROLLADOR', 'BAJO', '2018-07-11 16:30:40', '2018-07-11 16:30:40', NULL, 1),
	(246, 120, 50, 'NO', 'BAJO', '2018-07-11 16:30:40', '2018-07-11 16:30:40', NULL, 1),
	(247, 140, 50, 'NO', 'BAJO', '2018-07-11 16:30:40', '2018-07-11 16:30:40', NULL, 1),
	(248, 54, 52, 'NO', 'BAJO', '2018-07-11 16:30:40', '2018-07-11 16:30:40', NULL, 1),
	(249, 129, 52, 'NO', 'BAJO', '2018-07-11 16:30:40', '2018-07-11 16:30:40', NULL, 1),
	(250, 137, 52, 'NO', 'BAJO', '2018-07-11 16:30:40', '2018-07-11 16:30:40', NULL, 1),
	(251, 141, 52, 'NO', 'BAJO', '2018-07-11 16:30:40', '2018-07-11 16:30:40', NULL, 1),
	(252, 151, 52, 'NO', 'BAJO', '2018-07-11 16:30:40', '2018-07-11 16:30:40', NULL, 1),
	(253, 158, 52, 'NO', 'BAJO', '2018-07-11 16:30:40', '2018-07-11 16:30:40', NULL, 1),
	(254, 16, 53, 'NO', 'INTERMEDIO', '2018-07-11 16:30:40', '2018-07-11 16:30:40', NULL, 1),
	(255, 24, 53, 'NO', 'INTERMEDIO', '2018-07-11 16:30:40', '2018-07-11 16:30:40', NULL, 1),
	(256, 54, 53, 'NO', 'BAJO', '2018-07-11 16:30:40', '2018-07-11 16:30:40', NULL, 1),
	(257, 82, 53, 'NO', 'AVANZADO', '2018-07-11 16:30:40', '2018-07-11 16:30:40', NULL, 1),
	(258, 117, 53, 'NO', 'AVANZADO', '2018-07-11 16:30:40', '2018-07-11 16:30:40', NULL, 1),
	(259, 151, 53, 'NO', 'INTERMEDIO', '2018-07-11 16:30:40', '2018-07-11 16:30:40', NULL, 1),
	(260, 163, 53, 'NO', 'AVANZADO', '2018-08-03 15:28:24', '2018-08-03 15:28:24', NULL, 1),
	(261, 24, 54, 'NO', 'BAJO', '2018-07-11 16:30:40', '2018-07-11 16:30:40', NULL, 1),
	(262, 52, 54, 'DESARROLLADOR', 'BAJO', '2018-07-11 16:30:40', '2018-07-11 16:30:40', NULL, 1),
	(263, 53, 54, 'DESARROLLADOR', 'BAJO', '2018-07-11 16:30:40', '2018-07-11 16:30:40', NULL, 1),
	(264, 54, 54, 'DESARROLLADOR', 'BAJO', '2018-07-11 16:30:40', '2018-07-11 16:30:40', NULL, 1),
	(265, 134, 54, 'NO', 'BAJO', '2018-07-11 16:30:40', '2018-07-11 16:30:40', NULL, 1),
	(266, 137, 54, 'NO', 'BAJO', '2018-07-11 16:30:40', '2018-07-11 16:30:40', NULL, 1),
	(267, 140, 54, 'NO', 'BAJO', '2018-07-11 16:30:40', '2018-07-11 16:30:40', NULL, 1),
	(268, 149, 54, 'NO', 'BAJO', '2018-07-11 16:30:40', '2018-07-11 16:30:40', NULL, 1),
	(269, 151, 54, 'NO', 'BAJO', '2018-07-11 16:30:40', '2018-07-11 16:30:40', NULL, 1),
	(270, 154, 54, 'NO', 'BAJO', '2018-07-11 16:30:40', '2018-07-11 16:30:40', NULL, 1),
	(271, 158, 54, 'NO', 'BAJO', '2018-07-11 16:30:40', '2018-07-11 16:30:40', NULL, 1),
	(272, 6, 55, 'NO', 'BAJO', '2018-07-11 16:30:40', '2018-07-11 16:30:40', NULL, 1),
	(273, 24, 55, 'NO', 'BAJO', '2018-07-11 16:30:40', '2018-07-11 16:30:40', NULL, 1),
	(274, 31, 55, 'NO', 'BAJO', '2018-07-11 16:30:40', '2018-07-11 16:30:40', NULL, 1),
	(275, 54, 55, 'NO', 'BAJO', '2018-07-11 16:30:40', '2018-07-11 16:30:40', NULL, 1),
	(276, 67, 55, 'NO', 'BAJO', '2018-07-11 16:30:40', '2018-07-11 16:30:40', NULL, 1),
	(277, 73, 55, 'NO', 'BAJO', '2018-07-11 16:30:40', '2018-07-11 16:30:40', NULL, 1),
	(278, 99, 55, 'NO', 'BAJO', '2018-07-11 16:30:40', '2018-07-11 16:30:40', NULL, 1),
	(279, 140, 55, 'NO', 'BAJO', '2018-07-11 16:30:40', '2018-07-11 16:30:40', NULL, 1),
	(280, 16, 57, 'NO', 'BAJO', '2018-07-11 16:30:40', '2018-07-11 16:30:40', NULL, 1),
	(281, 24, 57, 'NO', 'BAJO', '2018-07-11 16:30:40', '2018-07-11 16:30:40', NULL, 1),
	(282, 54, 57, 'NO', 'BAJO', '2018-07-11 16:30:40', '2018-07-11 16:30:40', NULL, 1),
	(283, 82, 57, 'NO', 'BAJO', '2018-07-11 16:30:40', '2018-07-11 16:30:40', NULL, 1),
	(284, 97, 57, 'NO', 'BAJO', '2018-07-11 16:30:40', '2018-07-11 16:30:40', NULL, 1),
	(285, 116, 57, 'NO', 'BAJO', '2018-07-11 16:30:40', '2018-07-11 16:30:40', NULL, 1),
	(286, 140, 57, 'NO', 'BAJO', '2018-07-11 16:30:40', '2018-07-11 16:30:40', NULL, 1),
	(287, 142, 57, 'NO', 'BAJO', '2018-07-11 16:30:40', '2018-07-11 16:30:40', NULL, 1),
	(288, 152, 57, 'NO', 'BAJO', '2018-07-11 16:30:40', '2018-07-11 16:30:40', NULL, 1),
	(289, 158, 57, 'NO', 'BAJO', '2018-07-11 16:30:40', '2018-07-11 16:30:40', NULL, 1),
	(290, 165, 57, 'NO', 'BAJO', '2018-07-11 16:30:40', '2018-07-11 16:30:40', NULL, 1),
	(291, 35, 58, 'NO', 'BAJO', '2018-07-11 16:30:40', '2018-07-11 16:30:40', NULL, 1),
	(292, 54, 58, 'NO', 'BAJO', '2018-07-11 16:30:40', '2018-07-11 16:30:40', NULL, 1),
	(293, 91, 58, 'NO', 'BAJO', '2018-07-11 16:30:40', '2018-07-11 16:30:40', NULL, 1),
	(294, 92, 58, 'NO', 'BAJO', '2018-07-11 16:30:40', '2018-07-11 16:30:40', NULL, 1),
	(295, 113, 58, 'NO', 'BAJO', '2018-07-11 16:30:40', '2018-07-11 16:30:40', NULL, 1),
	(296, 122, 58, 'NO', 'BAJO', '2018-07-11 16:30:40', '2018-07-11 16:30:40', NULL, 1),
	(297, 142, 58, 'NO', 'BAJO', '2018-07-11 16:30:40', '2018-07-11 16:30:40', NULL, 1),
	(298, 24, 59, 'NO', 'BAJO', '2018-07-11 16:30:40', '2018-07-11 16:30:40', NULL, 1),
	(299, 47, 59, 'DESARROLLADOR', 'BAJO', '2018-07-11 16:30:40', '2018-07-11 16:30:40', NULL, 1),
	(300, 49, 59, 'DESARROLLADOR', 'BAJO', '2018-07-11 16:30:40', '2018-07-11 16:30:40', NULL, 1),
	(301, 50, 59, 'NO', 'BAJO', '2018-07-11 16:30:40', '2018-07-11 16:30:40', NULL, 1),
	(302, 51, 59, 'DESARROLLADOR', 'BAJO', '2018-07-11 16:30:40', '2018-07-11 16:30:40', NULL, 1),
	(303, 52, 59, 'NO', 'BAJO', '2018-07-11 16:30:40', '2018-07-11 16:30:40', NULL, 1),
	(304, 53, 59, 'NO', 'BAJO', '2018-07-11 16:30:40', '2018-07-11 16:30:40', NULL, 1),
	(305, 54, 59, 'NO', 'BAJO', '2018-07-11 16:30:40', '2018-07-11 16:30:40', NULL, 1),
	(306, 10, 60, 'NO', 'BAJO', '2018-07-11 16:30:40', '2018-07-11 16:30:40', NULL, 1),
	(307, 15, 60, 'NO', 'BAJO', '2018-07-11 16:30:40', '2018-07-11 16:30:40', NULL, 1),
	(308, 28, 60, 'NO', 'BAJO', '2018-07-11 16:30:40', '2018-07-11 16:30:40', NULL, 1),
	(309, 69, 60, 'NO', 'BAJO', '2018-07-11 16:30:40', '2018-07-11 16:30:40', NULL, 1),
	(310, 74, 60, 'NO', 'BAJO', '2018-07-11 16:30:40', '2018-07-11 16:30:40', NULL, 1),
	(311, 93, 60, 'NO', 'BAJO', '2018-07-11 16:30:40', '2018-07-11 16:30:40', NULL, 1),
	(312, 99, 60, 'NO', 'BAJO', '2018-07-11 16:30:40', '2018-07-11 16:30:40', NULL, 1),
	(313, 26, 61, 'NO', 'BAJO', '2018-07-11 16:30:40', '2018-07-11 16:30:40', NULL, 1),
	(314, 29, 61, 'NO', 'BAJO', '2018-07-11 16:30:40', '2018-07-11 16:30:40', NULL, 1),
	(315, 36, 61, 'NO', 'BAJO', '2018-07-11 16:30:40', '2018-07-11 16:30:40', NULL, 1),
	(316, 37, 61, 'NO', 'BAJO', '2018-07-11 16:30:40', '2018-07-11 16:30:40', NULL, 1),
	(317, 44, 61, 'NO', 'BAJO', '2018-07-11 16:30:40', '2018-07-11 16:30:40', NULL, 1),
	(318, 55, 61, 'NO', 'BAJO', '2018-07-11 16:30:40', '2018-07-11 16:30:40', NULL, 1),
	(319, 64, 61, 'NO', 'BAJO', '2018-07-11 16:30:40', '2018-07-11 16:30:40', NULL, 1),
	(320, 85, 61, 'NO', 'BAJO', '2018-07-11 16:30:40', '2018-07-11 16:30:40', NULL, 1),
	(321, 102, 61, 'NO', 'BAJO', '2018-07-11 16:30:40', '2018-07-11 16:30:40', NULL, 1),
	(322, 107, 61, 'NO', 'BAJO', '2018-07-11 16:30:40', '2018-07-11 16:30:40', NULL, 1),
	(323, 121, 61, 'NO', 'BAJO', '2018-07-11 16:30:40', '2018-07-11 16:30:40', NULL, 1),
	(324, 122, 61, 'NO', 'BAJO', '2018-07-11 16:30:40', '2018-07-11 16:30:40', NULL, 1),
	(325, 129, 61, 'NO', 'BAJO', '2018-07-11 16:30:40', '2018-07-11 16:30:40', NULL, 1),
	(326, 130, 61, 'NO', 'BAJO', '2018-07-11 16:30:40', '2018-07-11 16:30:40', NULL, 1),
	(327, 135, 61, 'NO', 'BAJO', '2018-07-11 16:30:40', '2018-07-11 16:30:40', NULL, 1),
	(328, 137, 61, 'NO', 'BAJO', '2018-07-11 16:30:40', '2018-07-11 16:30:40', NULL, 1),
	(329, 140, 61, 'NO', 'BAJO', '2018-07-11 16:30:40', '2018-07-11 16:30:40', NULL, 1),
	(330, 142, 61, 'NO', 'BAJO', '2018-07-11 16:30:40', '2018-07-11 16:30:40', NULL, 1),
	(331, 143, 61, 'NO', 'BAJO', '2018-07-11 16:30:40', '2018-07-11 16:30:40', NULL, 1),
	(332, 144, 61, 'NO', 'BAJO', '2018-07-11 16:30:40', '2018-07-11 16:30:40', NULL, 1),
	(333, 147, 61, 'NO', 'BAJO', '2018-07-11 16:30:40', '2018-07-11 16:30:40', NULL, 1),
	(334, 148, 61, 'NO', 'BAJO', '2018-07-11 16:30:40', '2018-07-11 16:30:40', NULL, 1),
	(335, 149, 61, 'NO', 'BAJO', '2018-07-11 16:30:40', '2018-07-11 16:30:40', NULL, 1),
	(336, 151, 61, 'NO', 'BAJO', '2018-07-11 16:30:40', '2018-07-11 16:30:40', NULL, 1),
	(337, 158, 61, 'NO', 'BAJO', '2018-07-11 16:30:40', '2018-07-11 16:30:40', NULL, 1),
	(338, 159, 61, 'NO', 'BAJO', '2018-07-11 16:30:40', '2018-07-11 16:30:40', NULL, 1),
	(339, 24, 62, 'NO', 'BAJO', '2018-07-11 16:30:40', '2018-07-11 16:30:40', NULL, 1),
	(340, 50, 62, 'NO', 'BAJO', '2018-07-11 16:30:40', '2018-07-11 16:30:40', NULL, 1),
	(341, 51, 62, 'NO', 'BAJO', '2018-07-11 16:30:40', '2018-07-11 16:30:40', NULL, 1),
	(342, 52, 62, 'NO', 'BAJO', '2018-07-11 16:30:40', '2018-07-11 16:30:40', NULL, 1),
	(343, 54, 62, 'DESARROLLADOR', 'BAJO', '2018-07-11 16:30:40', '2018-07-11 16:30:40', NULL, 1),
	(344, 24, 63, 'NO', 'BAJO', '2018-07-11 16:30:40', '2018-07-11 16:30:40', NULL, 1),
	(345, 53, 63, 'DESARROLLADOR', 'BAJO', '2018-07-11 16:30:40', '2018-07-11 16:30:40', NULL, 1),
	(346, 134, 63, 'NO', 'BAJO', '2018-07-11 16:30:40', '2018-07-11 16:30:40', NULL, 1),
	(347, 140, 63, 'NO', 'BAJO', '2018-07-11 16:30:40', '2018-07-11 16:30:40', NULL, 1),
	(348, 142, 63, 'NO', 'BAJO', '2018-07-11 16:30:40', '2018-07-11 16:30:40', NULL, 1),
	(349, 158, 63, 'NO', 'BAJO', '2018-07-11 16:30:40', '2018-07-11 16:30:40', NULL, 1),
	(350, 165, 63, 'NO', 'BAJO', '2018-07-11 16:30:40', '2018-07-11 16:30:40', NULL, 1),
	(351, 1, 65, 'NO', 'BAJO', '2018-07-11 16:30:40', '2018-07-11 16:30:40', NULL, 1),
	(352, 14, 65, 'NO', 'BAJO', '2018-07-11 16:30:40', '2018-07-11 16:30:40', NULL, 1),
	(353, 32, 65, 'NO', 'BAJO', '2018-07-11 16:30:40', '2018-07-11 16:30:40', NULL, 1),
	(354, 64, 65, 'NO', 'BAJO', '2018-07-11 16:30:40', '2018-07-11 16:30:40', NULL, 1),
	(355, 121, 65, 'NO', 'BAJO', '2018-07-11 16:30:40', '2018-07-11 16:30:40', NULL, 1),
	(356, 129, 65, 'NO', 'BAJO', '2018-07-11 16:30:40', '2018-07-11 16:30:40', NULL, 1),
	(357, 134, 65, 'NO', 'BAJO', '2018-07-11 16:30:40', '2018-07-11 16:30:40', NULL, 1),
	(358, 137, 65, 'NO', 'BAJO', '2018-07-11 16:30:40', '2018-07-11 16:30:40', NULL, 1),
	(359, 139, 65, 'NO', 'BAJO', '2018-07-11 16:30:40', '2018-07-11 16:30:40', NULL, 1),
	(360, 142, 65, 'NO', 'BAJO', '2018-07-11 16:30:40', '2018-07-11 16:30:40', NULL, 1),
	(361, 149, 65, 'NO', 'BAJO', '2018-07-11 16:30:40', '2018-07-11 16:30:40', NULL, 1),
	(362, 151, 65, 'NO', 'BAJO', '2018-07-11 16:30:40', '2018-07-11 16:30:40', NULL, 1),
	(363, 153, 65, 'NO', 'BAJO', '2018-07-11 16:30:40', '2018-07-11 16:30:40', NULL, 1),
	(364, 156, 65, 'NO', 'BAJO', '2018-07-11 16:30:40', '2018-07-11 16:30:40', NULL, 1),
	(365, 24, 66, 'NO', 'BAJO', '2018-07-11 16:30:40', '2018-07-11 16:30:40', NULL, 1),
	(366, 50, 66, 'DESARROLLADOR', 'BAJO', '2018-07-11 16:30:40', '2018-07-11 16:30:40', NULL, 1),
	(367, 51, 66, 'NO', 'BAJO', '2018-07-11 16:30:40', '2018-07-11 16:30:40', NULL, 1),
	(368, 52, 66, 'DESARROLLADOR', 'BAJO', '2018-07-11 16:30:40', '2018-07-11 16:30:40', NULL, 1),
	(369, 53, 66, 'DESARROLLADOR', 'BAJO', '2018-07-11 16:30:40', '2018-07-11 16:30:40', NULL, 1),
	(370, 54, 66, 'NO', 'BAJO', '2018-07-11 16:30:40', '2018-07-11 16:30:40', NULL, 1),
	(371, 134, 66, 'NO', 'BAJO', '2018-07-11 16:30:40', '2018-07-11 16:30:40', NULL, 1),
	(372, 140, 66, 'NO', 'BAJO', '2018-07-11 16:30:40', '2018-07-11 16:30:40', NULL, 1),
	(373, 158, 66, 'NO', 'BAJO', '2018-07-11 16:30:40', '2018-07-11 16:30:40', NULL, 1),
	(374, 24, 68, 'NO', 'BAJO', '2018-07-11 16:30:40', '2018-07-11 16:30:40', NULL, 1),
	(375, 54, 68, 'NO', 'BAJO', '2018-07-11 16:30:40', '2018-07-11 16:30:40', NULL, 1),
	(376, 120, 68, 'NO', 'BAJO', '2018-07-11 16:30:40', '2018-07-11 16:30:40', NULL, 1),
	(377, 140, 68, 'NO', 'BAJO', '2018-07-11 16:30:40', '2018-07-11 16:30:40', NULL, 1),
	(378, 154, 68, 'NO', 'BAJO', '2018-07-11 16:30:40', '2018-07-11 16:30:40', NULL, 1),
	(379, 70, 72, 'NO', 'BAJO', '2018-07-11 16:30:40', '2018-07-11 16:30:40', NULL, 1),
	(380, 80, 72, 'NO', 'BAJO', '2018-07-11 16:30:40', '2018-07-11 16:30:40', NULL, 1),
	(381, 122, 72, 'NO', 'BAJO', '2018-07-11 16:30:40', '2018-07-11 16:30:40', NULL, 1),
	(382, 128, 72, 'NO', 'BAJO', '2018-07-11 16:30:40', '2018-07-11 16:30:40', NULL, 1),
	(383, 140, 72, 'NO', 'BAJO', '2018-07-11 16:30:40', '2018-07-11 16:30:40', NULL, 1),
	(384, 152, 72, 'NO', 'BAJO', '2018-07-11 16:30:40', '2018-07-11 16:30:40', NULL, 1),
	(385, 154, 72, 'NO', 'BAJO', '2018-07-11 16:30:40', '2018-07-11 16:30:40', NULL, 1),
	(386, 167, 72, 'NO', 'BAJO', '2018-07-11 16:30:40', '2018-07-11 16:30:40', NULL, 1),
	(387, 6, 73, 'NO', 'BAJO', '2018-07-11 16:30:40', '2018-07-11 16:30:40', NULL, 1),
	(388, 10, 73, 'NO', 'BAJO', '2018-07-11 16:30:40', '2018-07-11 16:30:40', NULL, 1),
	(389, 24, 73, 'NO', 'BAJO', '2018-07-11 16:30:40', '2018-07-11 16:30:40', NULL, 1),
	(390, 52, 73, 'NO', 'BAJO', '2018-07-11 16:30:40', '2018-07-11 16:30:40', NULL, 1),
	(391, 54, 73, 'NO', 'BAJO', '2018-07-11 16:30:40', '2018-07-11 16:30:40', NULL, 1),
	(392, 23, 74, 'NO', 'BAJO', '2018-07-11 16:30:40', '2018-07-11 16:30:40', NULL, 1),
	(393, 1, 75, 'NO', 'BAJO', '2018-07-11 16:30:40', '2018-07-11 16:30:40', NULL, 1),
	(394, 43, 75, 'NO', 'BAJO', '2018-07-11 16:30:40', '2018-07-11 16:30:40', NULL, 1),
	(395, 54, 75, 'NO', 'BAJO', '2018-07-11 16:30:40', '2018-07-11 16:30:40', NULL, 1),
	(396, 108, 75, 'NO', 'BAJO', '2018-07-11 16:30:40', '2018-07-11 16:30:40', NULL, 1),
	(397, 126, 75, 'NO', 'BAJO', '2018-07-11 16:30:40', '2018-07-11 16:30:40', NULL, 1),
	(398, 128, 75, 'NO', 'BAJO', '2018-07-11 16:30:40', '2018-07-11 16:30:40', NULL, 1),
	(399, 140, 75, 'NO', 'BAJO', '2018-07-11 16:30:40', '2018-07-11 16:30:40', NULL, 1),
	(400, 154, 75, 'NO', 'BAJO', '2018-07-11 16:30:40', '2018-07-11 16:30:40', NULL, 1),
	(401, 24, 76, 'NO', 'BAJO', '2018-07-11 16:30:40', '2018-07-11 16:30:40', NULL, 1),
	(402, 51, 76, 'NO', 'BAJO', '2018-07-11 16:30:40', '2018-07-11 16:30:40', NULL, 1),
	(403, 52, 76, 'NO', 'BAJO', '2018-07-11 16:30:40', '2018-07-11 16:30:40', NULL, 1),
	(404, 53, 76, 'NO', 'BAJO', '2018-07-11 16:30:40', '2018-07-11 16:30:40', NULL, 1),
	(405, 54, 76, 'NO', 'BAJO', '2018-07-11 16:30:40', '2018-07-11 16:30:40', NULL, 1),
	(406, 2, 77, 'NO', 'BAJO', '2018-07-11 16:30:40', '2018-07-11 16:30:40', NULL, 1),
	(407, 9, 77, 'NO', 'BAJO', '2018-07-11 16:30:40', '2018-07-11 16:30:40', NULL, 1),
	(408, 120, 77, 'NO', 'BAJO', '2018-07-11 16:30:40', '2018-07-11 16:30:40', NULL, 1),
	(409, 121, 77, 'NO', 'BAJO', '2018-07-11 16:30:40', '2018-07-11 16:30:40', NULL, 1),
	(410, 122, 77, 'NO', 'BAJO', '2018-07-11 16:30:40', '2018-07-11 16:30:40', NULL, 1),
	(411, 127, 77, 'NO', 'BAJO', '2018-07-11 16:30:40', '2018-07-11 16:30:40', NULL, 1),
	(412, 132, 77, 'NO', 'BAJO', '2018-07-11 16:30:40', '2018-07-11 16:30:40', NULL, 1),
	(413, 133, 77, 'NO', 'BAJO', '2018-07-11 16:30:40', '2018-07-11 16:30:40', NULL, 1),
	(414, 140, 77, 'NO', 'BAJO', '2018-07-11 16:30:40', '2018-07-11 16:30:40', NULL, 1),
	(415, 148, 77, 'NO', 'BAJO', '2018-07-11 16:30:40', '2018-07-11 16:30:40', NULL, 1),
	(416, 150, 77, 'NO', 'BAJO', '2018-07-11 16:30:40', '2018-07-11 16:30:40', NULL, 1),
	(417, 151, 77, 'NO', 'BAJO', '2018-07-11 16:30:40', '2018-07-11 16:30:40', NULL, 1),
	(418, 154, 77, 'NO', 'BAJO', '2018-07-11 16:30:40', '2018-07-11 16:30:40', NULL, 1),
	(419, 155, 77, 'NO', 'BAJO', '2018-07-11 16:30:40', '2018-07-11 16:30:40', NULL, 1),
	(420, 159, 77, 'NO', 'BAJO', '2018-07-11 16:30:40', '2018-07-11 16:30:40', NULL, 1),
	(421, 15, 78, 'NO', 'BAJO', '2018-07-11 16:30:40', '2018-07-11 16:30:40', NULL, 1),
	(422, 20, 78, 'NO', 'BAJO', '2018-07-11 16:30:40', '2018-07-11 16:30:40', NULL, 1),
	(423, 24, 78, 'NO', 'BAJO', '2018-07-11 16:30:40', '2018-07-11 16:30:40', NULL, 1),
	(424, 54, 78, 'NO', 'BAJO', '2018-07-11 16:30:40', '2018-07-11 16:30:40', NULL, 1),
	(425, 73, 78, 'NO', 'BAJO', '2018-07-11 16:30:40', '2018-07-11 16:30:40', NULL, 1),
	(426, 117, 78, 'NO', 'BAJO', '2018-07-11 16:30:40', '2018-07-11 16:30:40', NULL, 1),
	(427, 4, 79, 'NO', 'BAJO', '2018-07-11 16:30:40', '2018-07-11 16:30:40', NULL, 1),
	(428, 120, 79, 'NO', 'BAJO', '2018-07-11 16:30:40', '2018-07-11 16:30:40', NULL, 1),
	(429, 121, 79, 'NO', 'BAJO', '2018-07-11 16:30:40', '2018-07-11 16:30:40', NULL, 1),
	(430, 122, 79, 'NO', 'BAJO', '2018-07-11 16:30:40', '2018-07-11 16:30:40', NULL, 1),
	(431, 135, 79, 'NO', 'BAJO', '2018-07-11 16:30:40', '2018-07-11 16:30:40', NULL, 1),
	(432, 138, 79, 'NO', 'BAJO', '2018-07-11 16:30:40', '2018-07-11 16:30:40', NULL, 1),
	(433, 140, 79, 'NO', 'BAJO', '2018-07-11 16:30:40', '2018-07-11 16:30:40', NULL, 1),
	(434, 142, 79, 'NO', 'BAJO', '2018-07-11 16:30:40', '2018-07-11 16:30:40', NULL, 1),
	(435, 148, 79, 'NO', 'BAJO', '2018-07-11 16:30:40', '2018-07-11 16:30:40', NULL, 1),
	(436, 149, 79, 'NO', 'BAJO', '2018-07-11 16:30:40', '2018-07-11 16:30:40', NULL, 1),
	(437, 151, 79, 'NO', 'BAJO', '2018-07-11 16:30:40', '2018-07-11 16:30:40', NULL, 1),
	(438, 158, 79, 'NO', 'BAJO', '2018-07-11 16:30:40', '2018-07-11 16:30:40', NULL, 1),
	(439, 99, 80, 'NO', 'BAJO', '2018-07-11 16:30:40', '2018-07-11 16:30:40', NULL, 1),
	(440, 129, 80, 'NO', 'BAJO', '2018-07-11 16:30:40', '2018-07-11 16:30:40', NULL, 1),
	(441, 137, 80, 'NO', 'BAJO', '2018-07-11 16:30:40', '2018-07-11 16:30:40', NULL, 1),
	(442, 140, 80, 'NO', 'BAJO', '2018-07-11 16:30:40', '2018-07-11 16:30:40', NULL, 1),
	(443, 151, 80, 'NO', 'BAJO', '2018-07-11 16:30:40', '2018-07-11 16:30:40', NULL, 1),
	(444, 158, 80, 'NO', 'BAJO', '2018-07-11 16:30:40', '2018-07-11 16:30:40', NULL, 1),
	(445, 52, 81, 'NO', 'BAJO', '2018-07-11 16:30:40', '2018-07-11 16:30:40', NULL, 1),
	(446, 53, 81, 'DESARROLLADOR', 'BAJO', '2018-07-11 16:30:40', '2018-07-11 16:30:40', NULL, 1),
	(447, 54, 81, 'NO', 'BAJO', '2018-07-11 16:30:40', '2018-07-11 16:30:40', NULL, 1),
	(448, 115, 81, 'NO', 'BAJO', '2018-07-11 16:30:40', '2018-07-11 16:30:40', NULL, 1),
	(449, 122, 81, 'NO', 'BAJO', '2018-07-11 16:30:40', '2018-07-11 16:30:40', NULL, 1),
	(450, 140, 81, 'NO', 'BAJO', '2018-07-11 16:30:40', '2018-07-11 16:30:40', NULL, 1),
	(451, 108, 85, 'NO', 'BAJO', '2018-07-11 16:30:40', '2018-07-11 16:30:40', NULL, 1),
	(452, 120, 85, 'NO', 'BAJO', '2018-07-11 16:30:40', '2018-07-11 16:30:40', NULL, 1),
	(453, 2, 86, 'NO', 'BAJO', '2018-07-11 16:30:40', '2018-07-11 16:30:40', NULL, 1),
	(454, 4, 86, 'NO', 'BAJO', '2018-07-11 16:30:40', '2018-07-11 16:30:40', NULL, 1),
	(455, 122, 86, 'NO', 'BAJO', '2018-07-11 16:30:40', '2018-07-11 16:30:40', NULL, 1),
	(456, 129, 86, 'NO', 'BAJO', '2018-07-11 16:30:40', '2018-07-11 16:30:40', NULL, 1),
	(457, 137, 86, 'NO', 'BAJO', '2018-07-11 16:30:40', '2018-07-11 16:30:40', NULL, 1),
	(458, 140, 86, 'NO', 'BAJO', '2018-07-11 16:30:40', '2018-07-11 16:30:40', NULL, 1),
	(459, 142, 86, 'NO', 'BAJO', '2018-07-11 16:30:40', '2018-07-11 16:30:40', NULL, 1),
	(460, 143, 86, 'NO', 'BAJO', '2018-07-11 16:30:40', '2018-07-11 16:30:40', NULL, 1),
	(461, 151, 86, 'NO', 'BAJO', '2018-07-11 16:30:40', '2018-07-11 16:30:40', NULL, 1),
	(462, 2, 87, 'NO', 'BAJO', '2018-07-11 16:30:40', '2018-07-11 16:30:40', NULL, 1),
	(463, 3, 87, 'NO', 'BAJO', '2018-07-11 16:30:40', '2018-07-11 16:30:40', NULL, 1),
	(464, 31, 87, 'NO', 'BAJO', '2018-07-11 16:30:40', '2018-07-11 16:30:40', NULL, 1),
	(465, 62, 87, 'NO', 'BAJO', '2018-07-11 16:30:40', '2018-07-11 16:30:40', NULL, 1),
	(466, 70, 87, 'NO', 'BAJO', '2018-07-11 16:30:40', '2018-07-11 16:30:40', NULL, 1),
	(467, 98, 87, 'NO', 'BAJO', '2018-07-11 16:30:40', '2018-07-11 16:30:40', NULL, 1),
	(468, 110, 87, 'NO', 'BAJO', '2018-07-11 16:30:40', '2018-07-11 16:30:40', NULL, 1),
	(469, 2, 88, 'NO', 'BAJO', '2018-07-11 16:30:40', '2018-07-11 16:30:40', NULL, 1),
	(470, 31, 88, 'NO', 'BAJO', '2018-07-11 16:30:40', '2018-07-11 16:30:40', NULL, 1),
	(471, 67, 88, 'NO', 'BAJO', '2018-07-11 16:30:40', '2018-07-11 16:30:40', NULL, 1),
	(472, 70, 88, 'NO', 'BAJO', '2018-07-11 16:30:40', '2018-07-11 16:30:40', NULL, 1),
	(473, 119, 88, 'NO', 'BAJO', '2018-07-11 16:30:40', '2018-07-11 16:30:40', NULL, 1),
	(474, 120, 88, 'NO', 'BAJO', '2018-07-11 16:30:40', '2018-07-11 16:30:40', NULL, 1),
	(475, 140, 88, 'NO', 'BAJO', '2018-07-11 16:30:40', '2018-07-11 16:30:40', NULL, 1),
	(476, 142, 88, 'NO', 'BAJO', '2018-07-11 16:30:40', '2018-07-11 16:30:40', NULL, 1),
	(477, 154, 88, 'NO', 'BAJO', '2018-07-11 16:30:40', '2018-07-11 16:30:40', NULL, 1),
	(478, 157, 88, 'NO', 'BAJO', '2018-07-11 16:30:40', '2018-07-11 16:30:40', NULL, 1),
	(479, 128, 89, 'NO', 'BAJO', '2018-07-11 16:30:40', '2018-07-11 16:30:40', NULL, 1),
	(480, 141, 89, 'NO', 'BAJO', '2018-07-11 16:30:40', '2018-07-11 16:30:40', NULL, 1),
	(481, 142, 89, 'NO', 'BAJO', '2018-07-11 16:30:40', '2018-07-11 16:30:40', NULL, 1),
	(482, 151, 89, 'NO', 'BAJO', '2018-07-11 16:30:40', '2018-07-11 16:30:40', NULL, 1),
	(483, 158, 89, 'NO', 'BAJO', '2018-07-11 16:30:40', '2018-07-11 16:30:40', NULL, 1),
	(484, 2, 90, 'NO', 'BAJO', '2018-07-11 16:30:40', '2018-07-11 16:30:40', NULL, 1),
	(485, 119, 90, 'NO', 'BAJO', '2018-07-11 16:30:40', '2018-07-11 16:30:40', NULL, 1),
	(486, 8, 91, 'NO', 'BAJO', '2018-07-11 16:30:40', '2018-07-11 16:30:40', NULL, 1),
	(487, 63, 91, 'NO', 'BAJO', '2018-07-11 16:30:40', '2018-07-11 16:30:40', NULL, 1),
	(488, 83, 91, 'NO', 'BAJO', '2018-07-11 16:30:40', '2018-07-11 16:30:40', NULL, 1),
	(489, 105, 91, 'NO', 'BAJO', '2018-07-11 16:30:40', '2018-07-11 16:30:40', NULL, 1),
	(490, 111, 91, 'NO', 'BAJO', '2018-07-11 16:30:40', '2018-07-11 16:30:40', NULL, 1),
	(491, 162, 91, 'NO', 'BAJO', '2018-07-11 16:30:40', '2018-07-11 16:30:40', NULL, 1),
	(492, 122, 92, 'NO', 'BAJO', '2018-07-11 16:30:40', '2018-07-11 16:30:40', NULL, 1),
	(493, 126, 92, 'NO', 'BAJO', '2018-07-11 16:30:40', '2018-07-11 16:30:40', NULL, 1),
	(494, 129, 92, 'NO', 'BAJO', '2018-07-11 16:30:40', '2018-07-11 16:30:40', NULL, 1),
	(495, 137, 92, 'NO', 'BAJO', '2018-07-11 16:30:40', '2018-07-11 16:30:40', NULL, 1),
	(496, 142, 92, 'NO', 'BAJO', '2018-07-11 16:30:40', '2018-07-11 16:30:40', NULL, 1),
	(497, 151, 92, 'NO', 'BAJO', '2018-07-11 16:30:40', '2018-07-11 16:30:40', NULL, 1),
	(498, 154, 92, 'NO', 'BAJO', '2018-07-11 16:30:40', '2018-07-11 16:30:40', NULL, 1),
	(499, 16, 93, 'NO', 'BAJO', '2018-07-12 11:14:24', '2018-07-12 11:14:24', NULL, 1),
	(500, 24, 93, 'NO', 'BAJO', '2018-07-12 11:14:24', '2018-07-12 11:14:24', NULL, 1),
	(501, 108, 93, 'NO', 'BAJO', '2018-07-12 11:14:24', '2018-07-12 11:14:24', NULL, 1),
	(502, 126, 93, 'NO', 'BAJO', '2018-07-12 11:14:24', '2018-07-12 11:14:24', NULL, 1),
	(503, 130, 93, 'NO', 'BAJO', '2018-07-12 11:14:24', '2018-07-12 11:14:24', NULL, 1),
	(504, 137, 93, 'NO', 'BAJO', '2018-07-12 11:14:24', '2018-07-12 11:14:24', NULL, 1),
	(505, 140, 93, 'NO', 'BAJO', '2018-07-12 11:14:24', '2018-07-12 11:14:24', NULL, 1),
	(506, 142, 93, 'NO', 'BAJO', '2018-07-12 11:14:24', '2018-07-12 11:14:24', NULL, 1),
	(507, 151, 93, 'NO', 'BAJO', '2018-07-12 11:14:24', '2018-07-12 11:14:24', NULL, 1),
	(508, 168, 93, 'NO', 'BAJO', '2018-07-12 11:14:24', '2018-07-12 11:14:24', NULL, 1),
	(509, 169, 93, 'NO', 'BAJO', '2018-07-12 11:14:24', '2018-07-12 11:14:24', NULL, 1),
	(510, 170, 93, 'NO', 'BAJO', '2018-07-12 11:14:24', '2018-07-12 11:14:24', NULL, 1),
	(511, 171, 93, 'NO', 'BAJO', '2018-07-12 11:14:24', '2018-07-12 11:14:24', NULL, 1),
	(512, 172, 93, 'NO', 'BAJO', '2018-07-12 11:14:24', '2018-07-12 11:14:24', NULL, 1),
	(513, 173, 93, 'NO', 'BAJO', '2018-07-12 11:14:24', '2018-07-12 11:14:24', NULL, 1),
	(514, 174, 93, 'NO', 'BAJO', '2018-07-12 11:14:24', '2018-07-12 11:14:24', NULL, 1),
	(515, 175, 93, 'CERTIFICADO', 'BAJO', '2018-07-12 11:14:24', '2018-07-12 11:14:24', NULL, 1),
	(516, 176, 93, 'NO', 'BAJO', '2018-07-12 11:14:24', '2018-07-12 11:14:24', NULL, 1),
	(517, 177, 93, 'NO', 'BAJO', '2018-07-12 11:14:24', '2018-07-12 11:14:24', NULL, 1),
	(518, 178, 93, 'NO', 'BAJO', '2018-07-12 11:14:24', '2018-07-12 11:14:24', NULL, 1),
	(519, 179, 93, 'NO', 'BAJO', '2018-07-12 11:14:24', '2018-07-12 11:14:24', NULL, 1),
	(520, 180, 93, 'NO', 'BAJO', '2018-07-12 11:14:24', '2018-07-12 11:14:24', NULL, 1),
	(521, 181, 93, 'CERTIFICADO', 'BAJO', '2018-07-12 11:14:24', '2018-07-12 11:14:24', NULL, 1),
	(522, 182, 93, 'CERTIFICADO', 'BAJO', '2018-07-12 11:14:24', '2018-07-12 11:14:24', NULL, 1),
	(523, 183, 93, 'CERTIFICADO', 'BAJO', '2018-07-12 11:14:24', '2018-07-12 11:14:24', NULL, 1),
	(524, 54, 94, 'NO', 'BAJO', '2018-07-17 12:01:03', '2018-07-17 12:01:03', NULL, 1),
	(525, 120, 94, 'NO', 'BAJO', '2018-07-17 11:56:48', '2018-07-17 11:56:48', NULL, 1),
	(526, 127, 94, 'NO', 'BAJO', '2018-07-17 11:56:36', '2018-07-17 11:56:36', NULL, 1),
	(527, 134, 94, 'NO', 'BAJO', '2018-07-17 11:58:27', '2018-07-17 11:58:27', NULL, 1),
	(528, 137, 94, 'NO', 'BAJO', '2018-07-17 11:56:15', '2018-07-17 11:56:15', NULL, 1),
	(529, 140, 94, 'NO', 'BAJO', '2018-07-17 11:57:25', '2018-07-17 11:57:25', NULL, 1),
	(530, 142, 94, 'NO', 'BAJO', '2018-07-17 11:57:47', '2018-07-17 11:57:47', NULL, 1),
	(531, 158, 94, 'NO', 'BAJO', '2018-07-17 11:58:11', '2018-07-17 11:58:11', NULL, 1),
	(532, 70, 95, 'NO', 'AVANZADO', '2018-07-18 10:18:46', '2018-07-18 10:18:46', NULL, 1),
	(533, 142, 95, 'NO', 'INTERMEDIO', '2018-07-18 10:23:17', '2018-07-18 10:23:17', NULL, 1),
	(534, 146, 95, 'NO', 'INTERMEDIO', '2018-07-18 10:24:14', '2018-07-18 10:24:17', NULL, 1),
	(535, 149, 95, 'NO', 'INTERMEDIO', '2018-07-18 10:23:43', '2018-07-18 10:23:43', NULL, 1),
	(536, 153, 95, 'NO', 'INTERMEDIO', '2018-07-18 10:24:43', '2018-07-18 10:24:43', NULL, 1),
	(537, 186, 95, 'NO', 'INTERMEDIO', '2018-07-18 10:19:57', '2018-07-18 10:19:57', NULL, 1),
	(538, 187, 95, 'NO', 'AVANZADO', '2018-07-18 10:21:10', '2018-07-18 10:21:10', NULL, 1),
	(539, 188, 95, 'NO', 'AVANZADO', '2018-07-18 10:22:56', '2018-07-18 10:22:56', NULL, 1),
	(540, 189, 95, 'NO', 'AVANZADO', '2018-07-19 09:17:47', '2018-07-19 09:17:47', NULL, 1),
	(541, 190, 95, 'SI', 'AVANZADO', '2018-07-19 09:18:25', '2018-07-19 09:18:25', NULL, 1),
	(542, 71, 96, 'NO', 'INTERMEDIO', '2018-07-19 09:14:35', '2018-07-19 09:14:35', NULL, 1),
	(543, 142, 96, 'NO', 'INTERMEDIO', '2018-07-19 09:13:45', '2018-07-19 09:13:45', NULL, 1),
	(544, 146, 96, 'NO', 'INTERMEDIO', '2018-07-19 09:14:55', '2018-07-19 09:14:55', NULL, 1),
	(545, 100, 97, 'SI', 'AVANZADO', '2018-07-23 10:08:15', '2018-07-23 10:08:21', NULL, 1),
	(546, 107, 97, 'NO', 'AVANZADO', '2018-07-23 09:52:17', '2018-07-23 09:52:17', NULL, 1),
	(547, 120, 97, 'SI', 'INTERMEDIO', '2018-07-23 10:08:42', '2018-07-23 10:08:42', NULL, 1),
	(548, 122, 97, 'NO', 'INTERMEDIO', '2018-07-23 09:56:21', '2018-07-23 09:56:21', NULL, 1),
	(549, 129, 97, 'NO', 'INTERMEDIO', '2018-07-23 09:55:37', '2018-07-23 09:55:37', NULL, 1),
	(550, 137, 97, 'NO', 'INTERMEDIO', '2018-07-23 09:55:53', '2018-07-23 09:55:53', NULL, 1),
	(551, 138, 97, 'NO', 'INTERMEDIO', '2018-07-23 09:56:08', '2018-07-23 09:56:08', NULL, 1),
	(552, 140, 97, 'NO', 'AVANZADO', '2018-07-23 09:51:50', '2018-07-23 09:51:50', NULL, 1),
	(553, 142, 97, 'NO', 'INTERMEDIO', '2018-07-23 09:53:39', '2018-07-23 09:53:39', NULL, 1),
	(554, 145, 97, 'NO', 'INTERMEDIO', '2018-07-23 09:57:25', '2018-07-23 09:57:25', NULL, 1),
	(555, 148, 97, 'NO', 'INTERMEDIO', '2018-07-23 09:57:08', '2018-07-23 09:57:08', NULL, 1),
	(556, 149, 97, 'NO', 'INTERMEDIO', '2018-07-23 09:57:45', '2018-07-23 09:57:45', NULL, 1),
	(557, 187, 97, 'NO', 'AVANZADO', '2018-07-23 09:52:59', '2018-07-23 09:52:59', NULL, 1),
	(558, 188, 97, 'NO', 'INTERMEDIO', '2018-07-23 09:53:22', '2018-07-23 09:53:22', NULL, 1),
	(559, 118, 99, 'NO', 'BAJO', '2018-08-13 14:08:23', '2018-08-13 14:08:23', NULL, 1),
	(560, 120, 99, 'NO', 'BAJO', '2018-08-13 14:08:11', '2018-08-13 14:08:11', NULL, 1),
	(561, 127, 99, 'NO', 'BAJO', '2018-08-13 14:07:03', '2018-08-13 14:07:03', NULL, 1),
	(562, 137, 99, 'NO', 'BAJO', '2018-08-13 14:09:02', '2018-08-13 14:09:02', NULL, 1),
	(563, 140, 99, 'NO', 'BAJO', '2018-08-13 14:06:14', '2018-08-13 14:06:14', NULL, 1),
	(564, 146, 99, 'NO', 'INTERMEDIO', '2018-08-13 14:09:43', '2018-08-13 14:09:43', NULL, 1),
	(565, 151, 99, 'NO', 'BAJO', '2018-08-13 14:08:45', '2018-08-13 14:08:45', NULL, 1),
	(566, 158, 99, 'SI', 'AVANZADO', '2018-08-13 14:05:31', '2018-08-13 14:05:31', NULL, 1),
	(567, 170, 99, 'SI', 'AVANZADO', '2018-08-13 14:04:30', '2018-08-13 14:04:30', NULL, 1),
	(568, 171, 99, 'NO', 'BAJO', '2018-08-13 14:07:23', '2018-08-13 14:07:23', NULL, 1),
	(569, 172, 99, 'SI', 'AVANZADO', '2018-08-13 14:04:45', '2018-08-13 14:04:45', NULL, 1),
	(570, 176, 99, 'NO', 'INTERMEDIO', '2018-08-13 14:07:43', '2018-08-13 14:07:43', NULL, 1),
	(571, 177, 99, 'NO', 'INTERMEDIO', '2018-08-13 14:10:05', '2018-08-13 14:10:05', NULL, 1),
	(572, 15, 101, 'SI', 'AVANZADO', '2018-08-13 14:12:22', '2018-08-13 14:12:22', NULL, 1),
	(573, 16, 101, 'SI', 'AVANZADO', '2018-08-13 14:12:01', '2018-08-13 14:12:01', NULL, 1),
	(574, 70, 101, 'NO', 'INTERMEDIO', '2018-08-13 14:17:49', '2018-08-13 14:17:49', NULL, 1),
	(575, 100, 101, 'SI', 'AVANZADO', '2018-08-13 14:14:34', '2018-08-13 14:14:34', NULL, 1),
	(576, 118, 101, 'SI', 'AVANZADO', '2018-08-13 14:11:32', '2018-08-13 14:11:32', NULL, 1),
	(577, 130, 101, 'NO', 'INTERMEDIO', '2018-08-13 14:16:48', '2018-08-13 14:16:48', NULL, 1),
	(578, 137, 101, 'NO', 'INTERMEDIO', '2018-08-13 14:18:33', '2018-08-13 14:18:33', NULL, 1),
	(579, 140, 101, 'NO', 'AVANZADO', '2018-08-13 14:12:51', '2018-08-13 14:12:51', NULL, 1),
	(580, 149, 101, 'NO', 'AVANZADO', '2018-08-13 14:13:42', '2018-08-13 14:13:42', NULL, 1),
	(581, 152, 101, 'NO', 'INTERMEDIO', '2018-08-13 14:18:09', '2018-08-13 14:18:09', NULL, 1),
	(582, 158, 101, 'NO', 'INTERMEDIO', '2018-08-13 14:16:31', '2018-08-13 14:16:31', NULL, 1),
	(583, 187, 101, 'NO', 'AVANZADO', '2018-08-13 14:13:10', '2018-08-13 14:13:10', NULL, 1),
	(584, 190, 101, 'SI', 'AVANZADO', '2018-08-13 14:15:44', '2018-08-13 14:15:44', NULL, 1),
	(585, 191, 101, 'SI', 'AVANZADO', '2018-08-13 14:20:54', '2018-08-13 14:20:54', NULL, 1),
	(586, 192, 101, 'SI', 'AVANZADO', '2018-08-13 14:21:13', '2018-08-13 14:21:13', NULL, 1),
	(587, 193, 101, 'SI', 'AVANZADO', '2018-08-13 14:21:36', '2018-08-13 14:21:36', NULL, 1),
	(588, 194, 101, 'NO', 'INTERMEDIO', '2018-08-13 14:21:51', '2018-08-13 14:21:51', NULL, 1),
	(589, 195, 101, 'NO', 'INTERMEDIO', '2018-08-13 14:22:09', '2018-08-13 14:22:09', NULL, 1),
	(590, 122, 102, 'NO', 'AVANZADO', '2018-08-23 11:36:15', '2018-08-23 11:36:15', NULL, 1),
	(591, 129, 102, 'NO', 'AVANZADO', '2018-08-23 11:37:30', '2018-08-23 11:37:30', NULL, 1),
	(592, 137, 102, 'NO', 'AVANZADO', '2018-08-23 11:36:46', '2018-08-23 11:36:46', NULL, 1),
	(593, 140, 102, 'NO', 'INTERMEDIO', '2018-08-23 11:35:56', '2018-08-23 11:35:56', NULL, 1),
	(594, 142, 102, 'NO', 'INTERMEDIO', '2018-08-23 11:37:50', '2018-08-23 11:37:50', NULL, 1),
	(595, 166, 103, 'NO', 'AVANZADO', '2018-09-20 11:04:10', '2018-09-20 11:04:10', NULL, 1),
	(596, 140, 103, 'NO', 'INTERMEDIO', '2018-09-20 11:04:56', '2018-09-20 11:04:56', NULL, 1),
	(597, 134, 103, 'NO', 'BAJO', '2018-09-20 11:05:20', '2018-09-20 11:05:20', NULL, 1),
	(598, 176, 103, 'NO', 'AVANZADO', '2018-09-20 11:05:38', '2018-09-20 11:05:38', NULL, 1),
	(599, 24, 103, 'ADMINISTRADOR', 'AVANZADO', '2018-09-20 11:06:25', '2018-09-20 11:06:25', NULL, 1),
	(600, 24, 103, 'DESARROLLADOR', 'AVANZADO', '2018-09-20 11:06:35', '2018-09-20 11:06:35', NULL, 1),
	(601, 16, 103, 'NO', 'BAJO', '2018-09-20 11:07:05', '2018-09-20 11:07:05', NULL, 1),
	(602, 97, 103, 'NO', 'INTERMEDIO', '2018-09-20 11:07:32', '2018-09-20 11:07:32', NULL, 1),
	(603, 53, 103, 'NO', 'BAJO', '2018-09-20 11:07:51', '2018-09-20 11:07:51', NULL, 1),
	(604, 54, 103, 'NO', 'BAJO', '2018-09-20 11:08:05', '2018-09-20 11:08:05', NULL, 1),
	(605, 163, 103, 'SYSTEM ADMINISTRATOR', 'BAJO', '2018-09-20 11:08:30', '2018-09-20 11:08:30', NULL, 1),
	(606, 54, 104, 'NO', 'BAJO', '2018-09-20 11:09:18', '2018-09-20 11:09:18', NULL, 1),
	(607, 24, 104, 'NO', 'BAJO', '2018-09-20 11:09:39', '2018-09-20 11:09:39', NULL, 1),
	(608, 97, 104, 'NO', 'INTERMEDIO', '2018-09-20 11:10:03', '2018-09-20 11:10:03', NULL, 1),
	(610, 196, 104, 'SI', 'INTERMEDIO', '2018-09-20 11:11:16', '2018-09-20 11:11:16', NULL, 1),
	(612, 198, 104, 'SI', 'BAJO', '2018-09-20 11:16:01', '2018-09-20 11:16:01', NULL, 1),
	(613, 197, 104, 'SI', 'INTERMEDIO', '2018-09-20 11:16:29', '2018-09-20 11:16:29', NULL, 1),
	(614, 140, 104, 'NO', 'INTERMEDIO', '2018-09-20 11:16:49', '2018-09-20 11:16:49', NULL, 1),
	(615, 120, 104, 'NO', 'BAJO', '2018-09-20 11:17:01', '2018-09-20 11:17:01', NULL, 1),
	(616, 158, 104, 'NO', 'INTERMEDIO', '2018-09-20 11:17:23', '2018-09-20 11:17:23', NULL, 1),
	(617, 199, 105, 'NO', 'BAJO', '2018-09-20 11:22:32', '2018-09-20 11:22:32', NULL, 1),
	(618, 1, 105, 'NO', 'INTERMEDIO', '2018-09-20 11:22:49', '2018-09-20 11:22:49', NULL, 1),
	(619, 200, 105, 'MSCT', 'AVANZADO', '2018-09-20 11:23:11', '2018-09-20 11:23:11', NULL, 1),
	(620, 201, 105, 'MSCT', 'AVANZADO', '2018-09-20 11:23:32', '2018-09-20 11:23:32', NULL, 1),
	(621, 202, 105, 'MTA', 'AVANZADO', '2018-09-20 11:23:56', '2018-09-20 11:23:56', NULL, 1),
	(622, 203, 105, 'MOS 2007', 'AVANZADO', '2018-09-20 11:24:22', '2018-09-20 11:24:22', NULL, 1),
	(623, 203, 105, 'MOS 2010', 'AVANZADO', '2018-09-20 11:24:40', '2018-09-20 11:24:40', NULL, 1),
	(626, 204, 105, 'NO', 'INTERMEDIO', '2018-09-20 11:25:15', '2018-09-20 11:25:15', NULL, 1),
	(627, 62, 105, 'NO', 'INTERMEDIO', '2018-09-20 11:25:38', '2018-09-20 11:25:38', NULL, 1),
	(628, 117, 105, 'NO', 'INTERMEDIO', '2018-09-20 11:25:52', '2018-09-20 11:25:52', NULL, 1),
	(629, 108, 105, 'NO', 'BAJO', '2018-09-20 11:26:34', '2018-09-20 11:26:34', NULL, 1),
	(630, 44, 105, 'NO', 'BAJO', '2018-09-20 11:26:49', '2018-09-20 11:26:49', NULL, 1),
	(631, 28, 105, 'NO', 'BAJO', '2018-09-20 11:27:06', '2018-09-20 11:27:06', NULL, 1),
	(632, 30, 105, 'NO', 'INTERMEDIO', '2018-09-20 11:27:27', '2018-09-20 11:27:27', NULL, 1),
	(633, 36, 105, 'NO', 'BAJO', '2018-09-20 11:27:51', '2018-09-20 11:27:51', NULL, 1),
	(634, 70, 105, 'NO', 'BAJO', '2018-09-20 11:28:09', '2018-09-20 11:28:09', NULL, 1),
	(635, 118, 105, 'NO', 'BAJO', '2018-09-20 11:28:19', '2018-09-20 11:28:19', NULL, 1),
	(636, 190, 106, 'FUNDAMENTAL', 'AVANZADO', '2018-10-01 14:26:43', '2018-10-01 14:26:43', NULL, 1),
	(637, 191, 106, 'FUNDAMENTAL', 'INTERMEDIO', '2018-10-01 14:27:14', '2018-10-01 14:27:14', NULL, 1),
	(638, 100, 106, 'MASTER PRODUCT OWNER', 'INTERMEDIO', '2018-10-01 14:27:47', '2018-10-01 14:27:47', NULL, 1),
	(639, 205, 106, 'AUDITOR INTERNO', 'AVANZADO', '2018-10-01 14:29:32', '2018-10-01 14:29:32', NULL, 1),
	(640, 54, 107, 'NO', 'BAJO', '2018-10-01 14:30:06', '2018-10-01 14:30:06', NULL, 1),
	(641, 51, 107, 'DEVELOPER', 'BAJO', '2018-10-01 14:30:28', '2018-10-01 14:30:28', NULL, 1),
	(642, 152, 107, 'NO', 'INTERMEDIO', '2018-10-01 14:30:54', '2018-10-01 14:30:54', NULL, 1),
	(643, 100, 107, 'NO', 'BAJO', '2018-10-01 14:31:17', '2018-10-01 14:31:17', NULL, 1),
	(644, 178, 107, 'NO', 'INTERMEDIO', '2018-10-01 14:31:41', '2018-10-01 14:31:41', NULL, 1),
	(645, 140, 107, 'DEVELOPER', 'BAJO', '2018-10-01 14:32:32', '2018-10-01 14:32:32', NULL, 1),
	(646, 117, 107, 'NO', 'BAJO', '2018-10-01 14:32:56', '2018-10-01 14:32:56', NULL, 1),
	(647, 108, 107, 'NO', 'BAJO', '2018-10-01 14:33:20', '2018-10-01 14:33:20', NULL, 1),
	(648, 206, 107, 'NO', 'BAJO', '2018-10-01 14:34:07', '2018-10-01 14:34:07', NULL, 1),
	(649, 89, 53, 'NO', 'BAJO', '2018-10-09 11:03:38', '2018-10-09 11:03:38', NULL, 1),
	(650, 207, 108, 'NO', 'AVANZADO', '2018-10-09 15:56:35', '2018-10-09 15:56:35', NULL, 1),
	(651, 208, 108, 'NO', 'AVANZADO', '2018-10-09 15:56:49', '2018-10-09 15:56:49', NULL, 1),
	(653, 140, 109, 'PROGRAMMER 1', 'INTERMEDIO', '2018-10-17 10:50:43', '2018-10-17 10:50:43', NULL, 1),
	(654, 158, 109, 'NO', 'INTERMEDIO', '2018-10-17 10:51:34', '2018-10-17 10:51:34', NULL, 1),
	(655, 149, 109, 'NO', 'INTERMEDIO', '2018-10-17 10:51:56', '2018-10-17 10:51:56', NULL, 1),
	(657, 142, 109, 'NO', 'INTERMEDIO', '2018-10-17 10:52:59', '2018-10-17 10:52:59', NULL, 1),
	(658, 122, 109, 'NO', 'INTERMEDIO', '2018-10-17 10:53:14', '2018-10-17 10:53:14', NULL, 1),
	(659, 148, 109, 'NO', 'BAJO', '2018-10-17 10:53:52', '2018-10-17 10:53:52', NULL, 1),
	(660, 143, 109, 'NO', 'BAJO', '2018-10-17 10:54:19', '2018-10-17 10:54:19', NULL, 1),
	(661, 14, 109, 'NO', 'BAJO', '2018-10-17 10:54:37', '2018-10-17 10:54:37', NULL, 1),
	(662, 36, 109, 'NO', 'INTERMEDIO', '2018-10-17 10:55:03', '2018-10-17 10:55:03', NULL, 1),
	(663, 152, 109, 'NO', 'INTERMEDIO', '2018-10-17 10:55:56', '2018-10-17 10:55:56', NULL, 1),
	(664, 145, 109, 'NO', 'BAJO', '2018-10-17 10:56:19', '2018-10-17 10:56:19', NULL, 1),
	(665, 151, 109, 'NO', 'BAJO', '2018-10-17 10:56:40', '2018-10-17 10:56:40', NULL, 1),
	(666, 156, 109, 'NO', 'BAJO', '2018-10-17 10:57:26', '2018-10-17 10:57:26', NULL, 1),
	(667, 213, 109, 'NO', 'INTERMEDIO', '2018-10-17 10:59:42', '2018-10-17 10:59:42', NULL, 1),
	(668, 214, 109, 'NO', 'INTERMEDIO', '2018-10-17 11:00:05', '2018-10-17 11:00:05', NULL, 1),
	(669, 215, 109, 'NO', 'BAJO', '2018-10-17 11:00:29', '2018-10-17 11:00:29', NULL, 1),
	(670, 122, 110, 'NO', 'INTERMEDIO', '2018-10-25 10:33:14', '2018-10-25 10:33:14', NULL, 1);
/*!40000 ALTER TABLE `pershabil` ENABLE KEYS */;

-- Volcando datos para la tabla assistoperaciones.persnoved: ~9 rows (aproximadamente)
DELETE FROM `persnoved`;
/*!40000 ALTER TABLE `persnoved` DISABLE KEYS */;
INSERT INTO `persnoved` (`PersNovedID`, `Novedades_NovId`, `personas_PersonasID`, `PersNovedFechaInicio`, `PersNovedFechaFin`, `created_at`, `updated_at`, `PersNovedEstado`, `PersNovedUsuario`) VALUES
	(1, 2, 71, '2018-06-29', '2018-06-29', '2018-07-11 16:47:27', '2018-07-11 16:48:00', 1, NULL),
	(2, 4, 74, '2017-04-09', '2017-04-09', '2018-07-11 16:48:59', '2018-07-11 16:48:59', 1, NULL),
	(3, 4, 85, '2018-06-25', '2018-06-25', '2018-07-11 16:49:39', '2018-07-11 16:50:03', 1, NULL),
	(4, 4, 87, '2018-07-03', '2018-07-06', '2018-07-11 16:51:29', '2018-07-11 16:52:46', 1, NULL),
	(5, 4, 88, '2018-07-03', '2018-07-03', '2018-07-11 16:53:36', '2018-07-11 16:53:48', 1, NULL),
	(6, 4, 89, '2018-07-04', '2018-07-04', '2018-07-11 16:54:27', '2018-07-11 16:54:27', 1, NULL),
	(7, 4, 90, '2018-07-04', '2018-07-04', '2018-07-11 16:55:12', '2018-07-11 16:55:15', 1, NULL),
	(8, 4, 91, '2018-07-09', '2018-07-09', '2018-07-11 16:55:55', '2018-07-11 16:55:55', 1, NULL),
	(9, 4, 92, '2018-07-10', '2018-07-10', '2018-07-11 16:56:22', '2018-07-11 16:56:22', 1, NULL);
/*!40000 ALTER TABLE `persnoved` ENABLE KEYS */;

-- Volcando datos para la tabla assistoperaciones.personas: ~110 rows (aproximadamente)
DELETE FROM `personas`;
/*!40000 ALTER TABLE `personas` DISABLE KEYS */;
INSERT INTO `personas` (`PersonasID`, `PersonasNombreCompleto`, `PersonasPriApellido`, `PersonasSegApellido`, `PersonasPrimNombre`, `PersonasSegNombre`, `PersonasDocumento`, `PersonasTipoDoc`, `PersonasTel`, `PersonasEspecialidad`, `PersonasActivo`, `PersonasTitulo`, `PersonasFechaIngreso`, `PersonasFechaRetiro`, `created_at`, `updated_at`, `PersonasUsuario`, `PersonasEstado`) VALUES
	(1, 'ROJAS HENAO ALEJANDRO OSWALDO', 'ROJAS', 'HENAO', 'ALEJANDRO', 'OSWALDO', '1118122900', 'CC', '3203161866', 'DATAPOWER', 'ACTIVO', 'INGENIERO ELECTRONICO', '2017-10-02', NULL, '2018-07-12 11:02:11', '2018-10-18 11:34:56', NULL, 1),
	(2, 'DAZA OYUELA ANDRES ENRIQUE', 'DAZA', 'OYUELA', 'ANDRES', 'ENRIQUE', '80101293', 'CC', '3006313943', 'IIB ', 'ACTIVO', 'INGENIERO DE SISTEMAS', '2015-08-20', NULL, '2018-07-12 11:02:11', '2018-10-18 11:34:56', NULL, 1),
	(3, 'PULECIO GOMEZ ANDRES FELIPE', 'PULECIO', 'GOMEZ', 'ANDRES', 'FELIPE', '1010217823', 'CC', '3195044517', 'DEVOPS', 'ACTIVO', 'INGENIERO MECATRONICO', '2018-05-28', NULL, '2018-07-12 11:02:11', '2018-10-18 11:34:56', NULL, 1),
	(4, 'GUEVARA CASTILLO ANDRES FERNANDO', 'GUEVARA', 'CASTILLO', 'ANDRES', 'FERNANDO', '80759681', 'CC', '3103441266', 'ADMINISTRADOR DE INFRAESTRUCTURA', 'ACTIVO', 'INGENIERO DE COMPUTACIÓN', '2015-07-22', NULL, '2018-07-12 11:02:11', '2018-10-18 11:34:56', NULL, 1),
	(5, 'GUIO FONSECA ANDRES JULIAN', 'GUIO', 'FONSECA', 'ANDRES', 'JULIAN', '1057578092', 'CC', '3176454978', 'GERENTE DE PROYECTOS ', 'ACTIVO', 'INGENIERO DE TELECOMUNICACIONES', '2018-01-02', NULL, '2018-07-12 11:02:11', '2018-10-18 11:34:56', NULL, 1),
	(6, 'RODRÍGUEZ RUIZ ANGELA INDIRA', 'RODRIGUEZ', 'RUIZ', 'ANGELA', 'INDIRA', '1024489653', 'CC', '3105755016', 'BROKER', 'INACTIVO', 'INGENIERA TELEMATICA', '2017-10-09', '2018-08-31', '2018-07-12 11:02:11', '2018-09-20 10:52:35', NULL, 0),
	(7, 'MOLINA BOCANEGRA ANLLY MELISSA', 'MOLINA', 'BOCANEGRA', 'ANLLY', 'MELISSA', '1030633786', 'CC', '3204941266', 'DATAPOWER', 'ACTIVO', 'INGENIERA DE SISTEMAS', '2017-10-02', NULL, '2018-07-12 11:02:11', '2018-10-18 11:34:56', NULL, 1),
	(8, 'VELASQUEZ MENDOZA ARMANDO JESUS', 'VELASQUEZ', 'MENDOZA', 'ARMANDO', 'JESUS', '587092', NULL, '3022491906', '', 'INACTIVO', '', NULL, '2018-06-21', '2018-07-12 11:02:11', '2018-10-17 10:10:40', NULL, 0),
	(9, 'CASTILLO PINZON BRANDON ALEXIS', 'CASTILLO', 'PINZON', 'BRANDON', 'ALEXIS', '1033752516', 'CC', '3214722567', 'IIB ', 'ACTIVO', 'INGENIERO TELEMATICO', '2018-02-20', NULL, '2018-07-12 11:02:11', '2018-10-18 11:34:56', NULL, 1),
	(10, 'ROZO RIOS BRAYAN CAMILO', 'ROZO', 'RIOS', 'BRAYAN', 'CAMILO', '1000250268', 'CC', '3196644458', 'SEMILLERO', 'ACTIVO', 'TECNOLOGO ADSI', '2018-06-19', NULL, '2018-07-12 11:02:11', '2018-10-18 11:34:56', NULL, 1),
	(11, 'DELGADO PASIVE BRYAN EDUARDO', 'DELGADO', 'PASIVE', 'BRYAN', 'EDUARDO', '1121905470', 'CC', '3106070769', 'NODE JS', 'INACTIVO', 'INGENIERO DE SISTEMAS', '2017-09-26', '2018-09-25', '2018-07-12 11:02:11', '2018-10-22 09:23:49', NULL, 0),
	(12, 'MALDONADO BORDA CAMILA ANDREA', 'MALDONADO', 'BORDA', 'CAMILA', 'ANDREA', '1030603320', 'CC', '3183625192', 'RATIONAL CLEAR QUEST', 'INACTIVO', 'INGENIERA ELECTRONICA', '2017-09-26', '2018-07-19', '2018-07-12 11:02:11', '2018-07-24 11:33:38', NULL, 0),
	(13, 'ALARCON CASTELBLANCO CARLOS ANDRES', 'ALARCON', 'CASTELBLANCO', 'CARLOS', 'ANDRES', '1013637611', 'CC', '3142022535', 'JAVA', 'ACTIVO', 'INGENIERO DE SISTEMAS', '2017-10-24', NULL, '2018-07-12 11:02:11', '2018-10-18 11:34:56', NULL, 1),
	(14, 'DIAZ BONILLA CARLOS ARTURO', 'DIAZ', 'BONILLA', 'CARLOS', 'ARTURO', '79422806', 'CC', '3152381211', 'DEVOPS', 'ACTIVO', 'INGENIERO DE SISTEMAS ESPECIALIZADO EN INGENIERIA DE SOFTWARE', '2018-01-15', NULL, '2018-07-12 11:02:11', '2018-10-18 11:34:56', NULL, 1),
	(15, 'RUIZ MONGUI CARLOS EDUARDO', 'RUIZ', 'MONGUI', 'CARLOS', 'EDUARDO', '1127341600', 'CC', '3123305559', '.NET', 'ACTIVO', 'INGENIERO DE SISTEMAS', '2016-04-05', NULL, '2018-07-12 11:02:11', '2018-10-18 11:34:56', NULL, 1),
	(16, 'MONROY SALAMANCA CARLOS FELIPE', 'MONROY', 'SALAMANCA', 'CARLOS', 'FELIPE', '1014253777', 'CC', '3102223421', 'IIB ', 'ACTIVO', 'INGENIERO MECATRONICO', '2017-10-02', NULL, '2018-07-12 11:02:11', '2018-10-18 11:34:56', NULL, 1),
	(17, 'LEDESMA VARGAS DIANA CAROLINA', 'LEDESMA', 'VARGAS', 'CAROLINA', '', '53154157', 'CC', '3002596095', 'GERENTE DE PROYECTOS ', 'ACTIVO', 'ESPECIALIZACION EN CONSTRUCCION DE SOFTWARE', '2015-08-03', NULL, '2018-07-12 11:02:11', '2018-10-18 11:34:56', NULL, 1),
	(18, 'ZAMBRANO ARAGON CESAR AUGUSTO', 'ZAMBRANO', 'ARAGON', 'CESAR', 'AUGUSTO', '14396468', 'CC', '3017550531', 'IIB ', 'ACTIVO', 'INGENIERO DE SISTEMAS', '2014-06-03', NULL, '2018-07-12 11:02:11', '2018-10-18 11:34:56', NULL, 1),
	(19, 'MARTINEZ RIVEROS CESAR EDUARDO', 'MARTINEZ', 'RIVEROS', 'CESAR', 'EDUARDO', '80538827', 'CC', '3008490069', 'IIB ', 'ACTIVO', 'INGENIERO DE SISTEMAS', '2017-09-05', NULL, '2018-07-12 11:02:11', '2018-10-18 11:34:56', NULL, 1),
	(20, 'JUTINICO VARGAS CHRISTIAN CAMILO', 'JUTINICO', 'VARGAS', 'CHRISTIAN', 'CAMILO', '1033771165', 'CC', '3165378643', 'IIB ', 'ACTIVO', 'TECNOLOGO EN SISTEMAS', '2017-09-18', NULL, '2018-07-12 11:02:11', '2018-10-18 11:34:56', NULL, 1),
	(21, 'GARCIA ALARCON CRISTIAN CAMILO', 'GARCIA', 'ALARCON', 'CRISTIAN', 'CAMILO', '1101048893', 'CC', '3213625589', 'FULL STACK', 'INACTIVO', 'INGENIERO ELECTRONICO', '2018-06-05', '2018-07-19', '2018-07-12 11:02:11', '2018-07-24 11:31:53', NULL, 0),
	(22, 'MORENO GARZON CRISTIAN CAMILO', 'MORENO', 'GARZON', 'CRISTIAN', 'CAMILO', '1032434687', 'CC', '3204761959', 'JAVA', 'ACTIVO', 'TECNOLOGO EN ANALISIS Y DESARROLLO DE SISTEMAS DE INFORMACIÓN', '2017-10-17', NULL, '2018-07-12 11:02:11', '2018-10-18 11:34:56', NULL, 1),
	(23, 'CASTILLO ESPINOSA CRISTIAN JAVIER', 'CASTILLO', 'ESPINOSA', 'CRISTIAN', 'JAVIER', '1010246745', NULL, '0', '', 'INACTIVO', 'INGENIERO DE SISTEMAS', NULL, NULL, '2018-07-12 11:02:11', '2018-10-17 10:10:40', NULL, 0),
	(24, 'PARRA SALAMANCA DANIEL FELIPE', 'PARRA', 'SALAMANCA', 'DANIEL', 'FELIPE', '1022422219', 'CC', '3219677842', 'JAVA', 'ACTIVO', 'INGENIERO DE SISTEMAS', '2017-09-18', NULL, '2018-07-12 11:02:11', '2018-07-13 14:49:31', NULL, 1),
	(25, 'GARCIA ULLOA DANIEL RICARDO', 'GARCIA', 'ULLOA', 'DANIEL', 'RICARDO', '1032423553', 'CC', '3105759110', 'IIB ', 'ACTIVO', 'INGENIERO DE SISTEMAS', '2016-05-24', NULL, '2018-07-12 11:02:11', '2018-10-18 11:34:56', NULL, 1),
	(26, 'AVELLANEDA ROMERO DIANA MARIA', 'AVELLANEDA', 'ROMERO', 'DIANA', 'MARIA', '20645931', 'CC', '3142868983', 'BPM ', 'ACTIVO', 'INGENIERA DE SISTEMAS', '2017-11-27', NULL, '2018-07-12 11:02:11', '2018-10-18 11:34:57', NULL, 1),
	(27, 'RODRIGUEZ CARDENAS DIEGO ARMANDO', 'RODRIGUEZ', 'CARDENAS', 'DIEGO', 'ARMANDO', '80012640', NULL, '0', '', 'INACTIVO', '', NULL, NULL, '2018-07-12 11:02:11', '2018-10-17 10:10:40', NULL, 0),
	(28, 'SOLANO BORJA DIEGO ENRIQUE', 'SOLANO', 'BORJA', 'DIEGO', 'ENRIQUE', '1019079240', 'CC', '3185712811', 'BLUEWORKS', 'INACTIVO', 'INGENIERO DE SISTEMAS', '2016-11-29', '2018-08-15', '2018-07-12 11:02:11', '2018-08-21 10:17:55', NULL, 0),
	(29, 'MESA BLANCO DIEGO FERNANDO', 'MESA', 'BLANCO', 'DIEGO', 'FERNANDO', '1012401100', 'CC', '3123037120', 'APLICACIONES MOVILES', 'ACTIVO', 'INGENIERO ELECTRONICO', '2017-05-10', NULL, '2018-07-12 11:02:11', '2018-10-18 11:34:57', NULL, 1),
	(30, 'BARRIOS BARRIOS DIMAS DANIEL', 'BARRIOS', 'BARRIOS', 'DIMAS', 'DANIEL', '1045700067', 'CC', '3113671698', 'SOPORTE INFORMATICO', 'INACTIVO', 'INGENIERO ELECTRONICO Y TELECOMUNICACIONES', '2018-03-05', '2018-10-08', '2018-07-12 11:02:11', '2018-10-08 09:02:28', NULL, 0),
	(31, 'GALVIS DURAN EFRAIN', 'GALVIS', 'DURAN', 'EFRAIN', '', '1100967624', 'CC', '3195217405', '', 'INACTIVO', 'INGENIERO MECATRONICO', '2017-09-26', '2018-07-13', '2018-07-12 11:02:11', '2018-07-30 09:21:20', NULL, 0),
	(32, 'BOHORQUEZ GOMEZ ESTEBAN', 'BOHORQUEZ', 'GOMEZ', 'ESTEBAN', '', '72358195', 'CC', '3003843606', 'ADMINISTRADOR T.I ', 'ACTIVO', 'INGENIERO DE SISTEMAS', '2015-08-24', NULL, '2018-07-12 11:02:11', '2018-10-18 11:34:57', NULL, 1),
	(33, 'SIERRA GONZALEZ FABIAN RICARDO', 'SIERRA', 'GONZALEZ', 'FABIAN', 'RICARDO', '1022361286', 'CC', '3156007487', 'ANGULAR', 'ACTIVO', 'INGENIERO ELECTRONICO', '2017-01-24', NULL, '2018-07-12 11:02:11', '2018-10-18 11:34:57', NULL, 1),
	(34, 'VILLAMIZAR MORENO FREDY ALEXANDER', 'VILLAMIZAR', 'MORENO', 'FREDY', 'ALEXANDER', '80182078', 'CC', '3112025307', 'IIB ', 'ACTIVO', 'INGENIERO DE SISTEMAS', '2017-10-10', NULL, '2018-07-12 11:02:11', '2018-10-18 11:34:57', NULL, 1),
	(35, 'REYES SILVA GABRIEL ANTONIO', 'REYES', 'SILVA', 'GABRIEL', 'ANTONIO', '12129127', NULL, '0', '', 'INACTIVO', 'CONSULTOR SENIUR', NULL, NULL, '2018-07-12 11:02:11', '2018-10-17 10:10:40', NULL, 0),
	(36, 'PONCELEON GARCIA GABRIELA ALEJANDRA', 'PONCELEON', 'GARCIA', 'GABRIELA', 'ALEJANDRA', '772837', 'CE', '3054122232', 'NODE JS ', 'ACTIVO', 'LICENCIADO EN COMPUTACIÓN', '2018-02-12', NULL, '2018-07-12 11:02:11', '2018-10-18 11:34:57', NULL, 1),
	(37, 'PLATA SERRANO HARBY ARTURO', 'PLATA', 'SERRANO', 'HARBY', 'ARTURO', '1098674737', 'CC', '3014922091', 'IIB ', 'ACTIVO', 'INGENIERO DE SISTEMAS', '2017-09-28', NULL, '2018-07-12 11:02:11', '2018-10-18 11:34:57', NULL, 1),
	(38, 'GUALTERO SALAMANCA IVAN DAVID', 'GUALTERO', 'SALAMANCA', 'IVAN', 'DAVID', '1030580708', 'CC', '3015146103', 'IIB ', 'ACTIVO', 'INGENIERO DE SISTEMAS', '2017-03-01', NULL, '2018-07-12 11:02:11', '2018-10-18 11:34:57', NULL, 1),
	(39, 'GUEVARA CASTILLO JAVIER ALEJANDRO', 'GUEVARA', 'CASTILLO', 'JAVIER', 'ALEJANDRO', '79958609', 'CC', '3115263169', 'IIB ', 'ACTIVO', 'INGENIERO DE SISTEMAS', '2009-10-21', NULL, '2018-07-12 11:02:11', '2018-10-18 11:34:57', NULL, 1),
	(40, 'MANYOMA NAVIA JAVIER ANDRES', 'MANYOMA', 'NAVIA', 'JAVIER', 'ANDRES', '94550921', 'CC', '3117387221', 'IIB ', 'ACTIVO', 'INGENIERO DE SISTEMAS', '2012-10-08', NULL, '2018-07-12 11:02:11', '2018-10-18 11:34:57', NULL, 1),
	(41, 'RAMIREZ ZAMBRANO JAVIER ANDRES', 'RAMIREZ', 'ZAMBRANO', 'JAVIER', 'ANDRES', '9737953', 'CC', '3128663988', 'PHP', 'INACTIVO', 'INGENIERO DE SISTEMAS Y COMPUTACIÓN', '2017-09-11', '2018-07-19', '2018-07-12 11:02:11', '2018-07-24 11:32:11', NULL, 0),
	(42, 'MORENO GAMBA JENEMBER', 'MORENO', 'GAMBA', 'JENEMBER', '', '79568549', 'CC', '3115008885', 'QA', 'ACTIVO', 'TECNICO SISTEMAS Y REDES', '2007-04-10', NULL, '2018-07-12 11:02:11', '2018-10-18 11:34:57', NULL, 1),
	(43, 'RUIZ DUARTE JENNY MARCELA', 'RUIZ', 'DUARTE', 'JENNY', 'MARCELA', '1098734098', NULL, '3177694863', '', 'INACTIVO', 'INGENIERA DE SISTEMAS', NULL, NULL, '2018-07-12 11:02:11', '2018-10-17 10:10:40', NULL, 0),
	(44, 'PEÑA ZABALA JHOAN SEBASTIAN', 'PEÑA', 'ZABALA', 'JHOAN', 'SEBASTIAN', '1014276645', 'CC', '3123717646', 'NODE JS ', 'ACTIVO', 'INGENIERO DE SISTEMAS', '2018-02-20', NULL, '2018-07-12 11:02:11', '2018-10-18 11:34:57', NULL, 1),
	(45, 'RUBIO CASTRO JOHN FREY', 'RUBIO', 'CASTRO', 'JHON', 'FREY', '80182106', 'CC', '3183705155', 'IIB ', 'ACTIVO', 'INGENIERO DE SISTEMAS', '2017-01-10', NULL, '2018-07-12 11:02:11', '2018-10-18 11:34:57', NULL, 1),
	(46, 'CAYCEDO BERRIO JOAN SEBASTIAN', 'CAYCEDO', 'BERRIO', 'JOAN', 'SEBASTIAN', '1030652856', 'CC', '3057375919', 'IIB V10', 'INACTIVO', 'INGENIERO ELECTRONICO', '2018-06-05', '2018-08-06', '2018-07-12 11:02:11', '2018-08-13 11:36:01', NULL, 0),
	(47, 'SANCHEZ RETIZ JOHAN LEONARDO', 'SANCHEZ', 'RETIZ', 'JOHAN', 'LEONARDO', '1030632866', 'CC', '3132130896', 'ANGULAR', 'ACTIVO', 'INGENIERO DE SISTEMAS', '2017-09-26', NULL, '2018-07-12 11:02:11', '2018-10-18 11:34:57', NULL, 1),
	(48, 'MENDOZA VERA JOHNNY ALEJANDRO', 'MENDOZA', 'VERA', 'JOHNNY', 'ALEJANDRO', '1022330586', NULL, '0', '', 'INACTIVO', 'INGENIERO DE SISTEMAS', NULL, NULL, '2018-07-12 11:02:11', '2018-10-17 10:10:40', NULL, 0),
	(49, 'AVENDAÑO RESTREPO JORGE', 'AVENDAÑO', 'RESTREPO', 'JORGE', '', '1053820588', 'CC', '31161163800', 'IIB ', 'ACTIVO', 'INGENIERO DE SISTEMAS', '2017-09-01', NULL, '2018-07-12 11:02:11', '2018-10-18 11:34:57', NULL, 1),
	(50, 'SANTOS MILLAN JORGE IVAN', 'SANTOS', 'MILLAN', 'JORGE', 'IVAN', '94537970', 'CC', '3115530337', 'IIB ', 'ACTIVO', 'INGENIERO DE SISTEMAS', '2011-06-28', NULL, '2018-07-12 11:02:11', '2018-10-18 11:34:57', NULL, 1),
	(51, 'ALARCON BOTHIA JOSMAR JAVIER', 'ALARCON', 'BOTHIA', 'JOSMAR', 'JAVIER', '1023914600', NULL, '0', '', 'INACTIVO', '', NULL, NULL, '2018-07-12 11:02:11', '2018-10-17 10:10:40', NULL, 0),
	(52, 'ROMERO GUARIN JUAN DAVID', 'ROMERO', 'GUARIN', 'JUAN', 'DAVID', '1121914602', 'CC', '3108623175', 'SEMILLERO', 'ACTIVO', 'INGENIERO INFORMATICO', '2018-06-05', NULL, '2018-07-12 11:02:11', '2018-10-18 11:34:57', NULL, 1),
	(53, 'VELOZA YOMAYUSA LADY ANDREA', 'VELOZA', 'YOMAYUSA', 'LADY', 'ANDREA', '20866413', 'CC', '3115144016', 'WAS', 'ACTIVO', 'INGENIERA DE SISTEMAS', '2018-06-18', NULL, '2018-07-12 11:02:11', '2018-10-18 11:34:57', NULL, 1),
	(54, 'LUCERO SANCHEZ LEINER LENNIN', 'LUCERO', 'SANCHEZ', 'LEINER', 'LENNIN', '483982', 'CE', '3005031999', 'IIB ', 'ACTIVO', 'INGENIERO DE SISTEMAS', '2015-08-24', NULL, '2018-07-12 11:02:11', '2018-10-18 11:34:57', NULL, 1),
	(55, 'PARRA OSPINA LEONARDO ANDRES', 'PARRA', 'OSPINA', 'LEONARDO', 'ANDRES', '1031145533', 'CC', '3158278066', 'KUBERNETES', 'INACTIVO', 'INGENIERO MECATRONICO', '2017-09-26', '2018-08-24', '2018-07-12 11:02:11', '2018-08-27 11:02:20', NULL, 0),
	(56, 'ROSERO GARCERA LORENA ISABEL', 'ROSERO', 'GARCERA', 'LORENA', 'ISABEL', '52770120', 'CC', '3118528434', 'GERENTE DE PROYECTOS ', 'ACTIVO', 'ADMINISTRADOR DE EMPRESAS', '2017-02-01', NULL, '2018-07-12 11:02:11', '2018-10-18 11:34:57', NULL, 1),
	(57, 'CASTILLO ESTUPIÑAN LUIS ARIEL', 'CASTILLO', 'ESTUPIÑAN', 'LUIS', 'ARIEL', '4208901', 'CC', '3012793006', 'JSF', 'INACTIVO', 'INGENIERO DE SISTEMAS', '2017-02-01', '2018-07-24', '2018-07-12 11:02:11', '2018-08-13 09:38:12', NULL, 0),
	(58, 'ZAMUDIO MONTILLA LUIS FELIPE', 'ZAMUDIO', 'MONTILLA', 'LUIS', 'FELIPE', '1022971355', 'CC', '3113788525', 'ANGULAR', 'ACTIVO', 'INGENIERO MECATRONICO', '2017-01-24', NULL, '2018-07-12 11:02:11', '2018-10-18 11:34:57', NULL, 1),
	(59, 'NAVARRETE AVILA MANUEL ALFONSO', 'NAVARRETE', 'AVILA', 'MANUEL', 'ALFONSO', '80545859', 'CC', '3124310107', 'ARQUITECTO', 'ACTIVO', 'INGENIERO DE SISTEMAS', '2016-04-11', NULL, '2018-07-12 11:02:11', '2018-10-18 11:34:57', NULL, 1),
	(60, 'VANEGAS CORDOBA MARIA MARGARITA', 'VANEGAS', 'CORDOBA', 'MARÍA', 'MARGARITA', '1065611841', 'CC', '3002753629', 'BPM ', 'ACTIVO', 'INGENIERA DE SISTEMAS', '2017-02-20', NULL, '2018-07-12 11:02:11', '2018-10-18 11:34:57', NULL, 1),
	(61, 'OJEDA MIELES MATEO', 'OJEDA', 'MIELES', 'MATEO', '', '1015470101', 'CC', '3174948123', 'JAVA', 'ACTIVO', 'ANALISIS Y DESARROLLO DE SISTEMAS DE INFORMACION', '2017-09-18', NULL, '2018-07-12 11:02:11', '2018-10-18 11:34:57', NULL, 1),
	(62, 'ANACONA OBANDO MESIAS', 'ANACONA', 'OBANDO', 'MESIAS', '', '10567066', 'CC', '3186083624', 'BROKER ', 'ACTIVO', 'INGENIERO DE SISTEMAS', '2011-12-19', NULL, '2018-07-12 11:02:11', '2018-10-18 11:34:57', NULL, 1),
	(63, 'VARGAS LOLLI MICHEL GIULIANO DORIAN', 'DORIAN', 'VARGAS', 'MICHEL', 'GIULIANO', '1020765609', 'CC', '3116624100', 'DATAPOWER', 'ACTIVO', 'INGENIERO DE SISTEMAS ESPECIALISTA EN NEGOCIOS Y SERVICIOS DE TELECOMUNICACIONES', '2017-10-02', NULL, '2018-07-12 11:02:11', '2018-10-18 11:34:57', NULL, 1),
	(64, 'PAIPA CELIS MIGUEL ANGEL', 'PAIPA', 'CELIS', 'MIGUEL', 'ANGEL', '1022964905', 'CC', '3112058607', 'IIB ', 'ACTIVO', 'INGENIERO ELECTRONICO', '2017-10-02', NULL, '2018-07-12 11:02:11', '2018-10-18 11:34:57', NULL, 1),
	(65, 'LUNA MOJICA MOISES ABRAHAM', 'LUNA', 'MOJICA', 'MOISES', 'ABRAHAM', '1018498328', 'CC', '3005721882', 'JAVA', 'ACTIVO', 'INGENIERO EN INFORMATICA', '2018-02-05', NULL, '2018-07-12 11:02:11', '2018-10-18 11:34:57', NULL, 1),
	(66, 'SOLORZANO PARDO NELSON MAURICIO', 'SOLORZANO', 'PARDO', 'NELSON', 'MAURICIO', '80391691', 'CC', '3133829237', 'IIB ', 'ACTIVO', 'INGENIERO DE SISTEMAS', '2010-04-28', NULL, '2018-07-12 11:02:11', '2018-10-18 11:34:57', NULL, 1),
	(67, 'PEÑARANDA NINOSKA DAYANA', 'PEÑARANDA', '', 'NINOSKA', 'DAYANA', '1013628677', NULL, '0', '', 'INACTIVO', '', NULL, NULL, '2018-07-12 11:02:11', '2018-10-17 10:10:40', NULL, 0),
	(68, 'RATIVA CUY OSCAR', 'RATIVA', 'CUY', 'OSCAR', '', '1019063910', 'CC', '3115386610', '.NET', 'INACTIVO', 'INGENIERO DE SISTEMAS', '2018-04-12', '2018-07-13', '2018-07-12 11:02:11', '2018-08-13 09:37:49', NULL, 0),
	(69, 'GUZMAN MARTINEZ OSMAN YESID', 'GUZMAN', 'MARTINEZ', 'OSMAN', 'YESID', '1047413831', NULL, '0', '', 'INACTIVO', 'INGENIERO DE SISTEMAS', NULL, NULL, '2018-07-12 11:02:11', '2018-10-17 10:10:40', NULL, 0),
	(70, 'GARCIA HURTADO PABLO ANDRES', 'GARCIA', 'HURTADO', 'PABLO', 'ANDRES', '79914799', 'CC', '3182726239', '', 'INACTIVO', 'INGENIERO INDUSTRIAL', '2017-12-04', '2018-07-31', '2018-07-12 11:02:11', '2018-08-13 09:37:00', NULL, 0),
	(71, 'RODRIGUEZ MONTERO PABLO ANTONIO', 'RODRIGUEZ', 'MONTERO', 'PABLO', 'ANTONIO', '1024507718', NULL, '0', '', 'INACTIVO', 'INGENIERO DE SISTEMAS', NULL, NULL, '2018-07-12 11:02:11', '2018-10-17 10:10:40', NULL, 0),
	(72, 'RODRIGUEZ LOPEZ RAUL ALFONSO', 'RODRIGUEZ', 'LOPEZ', 'RAUL', 'ALFONSO', '1022373700', 'CC', '3202004345', 'DATA STAGE ', 'ACTIVO', 'INGENIERO DE SOFTWARE', '2017-11-07', NULL, '2018-07-12 11:02:11', '2018-10-18 11:34:57', NULL, 1),
	(73, 'LOPEZ PLAZAS  RODOLFO', 'LOPEZ', 'PLAZAS', 'RODOLFO', '', '1069737633', 'CC', '3133220785', 'IIB ', 'ACTIVO', 'INGENIERO ELECTRONICO', '2017-10-02', NULL, '2018-07-12 11:02:11', '2018-10-18 11:34:57', NULL, 1),
	(74, 'LIMAS SANTISTEBAN SANDRA PAOLA', 'LIMAS', 'SANTISTEBAN', 'SANDRA', 'PAOLA', '1019055550', 'CC', '3204394868', 'ASISTENTE DE OPERACIONES ', 'ACTIVO', 'TECNOLOGA EN GESTION DE MERCADOS', '2017-03-01', NULL, '2018-07-12 11:02:11', '2018-10-18 11:34:57', NULL, 1),
	(75, 'SILVA TRIVIÑO SERGIO ALEJANDRO', 'SILVA', 'TRIVIÑO', 'SERGIO', 'ALEJANDRO', '1012436864', 'CC', '3227940283', 'PRACTICANTE', 'ACTIVO', 'INGENIERO DE SISTEMAS', '2018-07-23', NULL, '2018-07-12 11:02:11', '2018-10-18 11:34:57', NULL, 1),
	(76, 'LOPEZ NOSSA SERGIO HERNAN', 'LOPEZ', 'NOSSA', 'SERGIO', 'HERNAN', '1016079962', 'CC', '3046765507', 'DATAPOWER', 'INACTIVO', 'TECNOLOGO EN ANALISIS Y DESARROLLO DE SISTEMAS DE INFORMACIÓN', '2017-02-06', '2018-08-08', '2018-07-12 11:02:11', '2018-08-13 09:28:50', NULL, 0),
	(77, 'CASTILLO GAONA SNEIDER', 'CASTILLO', 'GAONA', 'SNEIDER', '', '1049628823', 'CC', '3508860480', 'NODE JS ', 'ACTIVO', 'LICENCIADO EN INFORMATICA Y TECNOLOGIA', '2018-03-20', NULL, '2018-07-12 11:02:11', '2018-10-18 11:34:57', NULL, 1),
	(78, 'MENA BARRETO VLADIMIR JOSE', 'MENA', 'BARRETO', 'VLADIMIR', 'JOSE', '1002127383', 'CC', '3213256166', 'DATAPOWER', 'ACTIVO', 'INGENIERO TELEMATICO', '2017-09-26', NULL, '2018-07-12 11:02:11', '2018-07-23 09:33:09', NULL, 1),
	(79, 'PEÑALOZA CONTRERAS XOSED FABIAN', 'PEÑALOZA', 'CONTRERAS', 'XOSED', 'FABIAN', '1023955360', 'CC', '3165782144', 'JAVA', 'ACTIVO', 'INGENIERO DE SOFTWARE', '2017-10-02', NULL, '2018-07-12 11:02:11', '2018-10-18 11:34:57', NULL, 1),
	(80, 'GALVIS TORRES YULLY ANDREA', 'GALVIS', 'TORRES', 'YULLY', 'ANDREA', '1033730172', 'CC', '3112839952', 'HTML', 'INACTIVO', 'TECNOLOGA EN ANALISIS Y DESARROLLO DE SISTEMAS DE INFORMACIÓN', '2018-06-19', '2018-09-07', '2018-07-12 11:02:11', '2018-09-20 10:52:00', NULL, 0),
	(81, 'APONZA VILLAQUIRAN GUSTAVO ADOLFO', 'APONZA', 'VILLAQUIRAN', 'GUSTAVO', 'ADOLFO', '10292724', 'CC', '3006765051', 'BROKER ', 'ACTIVO', 'INGENIERO DE SISTEMAS', '2018-06-18', NULL, '2018-07-12 11:02:11', '2018-10-18 11:34:57', NULL, 1),
	(82, 'GUTIERREZ SANCHEZ ARIC DAYAN', 'GUTIERREZ', 'SANCHEZ', 'ARIC', 'DAYAN', '1024515066', NULL, '0', '', 'INACTIVO', 'INGENIERO DE SISTEMAS', NULL, NULL, '2018-07-12 11:02:11', '2018-10-17 10:10:40', NULL, 0),
	(83, 'RICAURTE HUAZA ANDRES FELIPE', 'RICAURTE', 'HUAZA', 'ANDRES', 'FELIPE', '1019054791', 'CC', '3132969669', 'DOCUMENTADOR', 'ACTIVO', 'ADMINISTRACION FINANCIERA Y DE SISTEMAS', '2015-02-16', NULL, '2018-07-12 11:02:11', '2018-10-18 11:34:56', NULL, 1),
	(84, 'GUTIERREZ RUEDA RICARDO', 'GUTIERREZ', 'RUEDA', 'RICARDO', '', '79530466', 'CC', '3102526096', 'GERENTE DE OPERACIONES', 'ACTIVO', 'INGENIERO ELECTRONICO', '2018-05-30', NULL, '2018-07-12 11:02:11', '2018-10-18 11:34:57', NULL, 1),
	(85, 'CARVAJAL BASTILLA DAYANNA', 'CARVAJAL', 'BASTILLA', 'DAYANNA', '', '1022976540', 'CC', '3002765982', 'APRENDIZ SENA', 'ACTIVO', 'APRENDIZ SENA', '2018-06-25', '2018-09-03', '2018-07-12 11:02:11', '2018-10-18 11:34:57', NULL, 1),
	(86, 'SAAVEDRA MORAN AZLAIN RAMON', 'SAAVEDRA', 'MORAN', 'AZLAIN', 'RAMON', '836447', 'CE', '3157665297', 'JAVA', 'INACTIVO', 'TECNICO SUPERIOR EN INFORMATICA', '2018-06-27', '2018-10-19', '2018-07-12 11:02:11', '2018-10-22 09:19:17', NULL, 0),
	(87, 'ALCALA ESTE JOHAN ENRIQUE', 'ALCALA', 'ESTE', 'JOHAN', 'ENRIQUE', '914952107051990', NULL, '3178550212', 'SISTEMAS OPERATIVOS LINUX', 'INACTIVO', 'INGENIERO INFORMATICO', NULL, '2018-07-06', '2018-07-12 11:02:11', '2018-08-13 09:35:41', NULL, 0),
	(88, 'GARZON TALERO JUAN PABLO', 'GARZON', 'TALERO', 'JUAN', 'PABLO', '79947351', 'CC', '3115483032', 'JAVA', 'INACTIVO', 'TECNICO DESARROLLO DE SOFTWARE', '2018-07-03', '2018-07-31', '2018-07-12 11:02:11', '2018-08-13 13:47:54', NULL, 0),
	(89, 'JIMENEZ JARAMILLO NILDIERT', 'JIMENEZ', 'JARAMILLO', 'NILDIERT', '', '1012398271', 'CC', '3192164645', 'APRENDIZ SENA', 'ACTIVO', 'APRENDIZ SENA', '2018-07-04', NULL, '2018-07-12 11:02:11', '2018-10-18 11:34:57', NULL, 1),
	(90, 'ROJAS ARDILA CESAR AUGUSTO', 'ROJAS', 'ARDILA', 'CESAR', 'AUGUSTO', '1026263955', 'CC', '3144169638', 'JAVA-ANGULAR', 'ACTIVO', 'INGENIERO DE SISTEMAS', '2018-07-04', NULL, '2018-07-12 11:02:11', '2018-10-18 11:34:56', NULL, 1),
	(91, 'CUESTA MORA SANDRA MILENA', 'CUESTA', 'MORA', 'SANDRA', 'MILENA', '52537877', 'CC', '3193149094', 'QA', 'ACTIVO', 'INGENIERA DE SISTEMAS', '2018-07-09', NULL, '2018-07-12 11:02:11', '2018-10-18 11:34:57', NULL, 1),
	(92, 'LIZARAZO BAHAMON CAMILO ANDRES', 'LIZARAZO', 'BAHAMON', 'CAMILO', 'ANDRES', '1032397357', 'CC', '3007797781', 'CSS', 'INACTIVO', 'INGENIERO ELECTRONICO', '2018-07-10', '2018-09-28', '2018-07-12 11:02:11', '2018-10-01 14:20:51', NULL, 0),
	(93, 'PERDOMO RODRIGUEZ GUSTAVO ADOLFO', 'PERDOMO', 'RODRIGUEZ', 'GUSTAVO', 'ADOLFO', '79446879', 'CC', '3134137380', 'ANALISIS Y DESARROLLO', 'INACTIVO', 'INGENIERO DE SISTEMAS', '2018-07-12', '2018-07-30', '2018-07-12 11:02:11', '2018-08-13 13:48:00', NULL, 0),
	(94, 'GONZALEZ ORTIZ WILFREDO', 'GONZALEZ', 'ORTIZ', 'WILFREDO', NULL, '1032463457', 'CC', '3203974847', 'IIB ', 'ACTIVO', 'TECNICO EN DESARROLLO DE SOFTWARE', '2018-07-16', NULL, '2018-07-17 11:53:07', '2018-10-18 11:34:57', NULL, 1),
	(95, 'FUENTES MORA OSCAR GIOVANNY', 'FUENTES', 'MORA', 'OSCAR', 'GIOVANNY', '1020753805', 'CC', '3203729260', 'ADMINISTRADOR DE PLATAFORMAS', 'ACTIVO', 'INGENIERO DE SISTEMAS', '2018-07-18', NULL, '2018-07-18 10:16:12', '2018-10-18 11:34:57', NULL, 1),
	(96, 'PRIETO MOLINA DAVID FERNANDO', 'PRIETO', 'MOLINA', 'DAVID', 'FERNANDO', '1077971350', 'CC', '3124582630', 'DEVOPS', 'ACTIVO', 'TECNOLOGO EN ADMINISTRACIÓN DE REDES DE COMPUTADORES', '2018-07-23', NULL, '2018-07-19 09:12:37', '2018-10-18 11:34:56', NULL, 1),
	(97, 'HENAO HENAO JUAN CARLOS', 'HENAO', 'HENAO', 'JUAN', 'CARLOS', '75100940', 'CC', '3103760290', 'JAVA', 'INACTIVO', 'TECNOLOGO EN SISTEMAS', '2018-07-23', '2018-09-23', '2018-07-23 09:50:51', '2018-10-09 10:39:02', NULL, 0),
	(98, 'ROBAYO CASTILLO LUIS ENRIQUE', 'ROBAYO', 'CASTILLO', 'LUIS', 'ENRIQUE', '79343801', 'CC', '', 'GERENTE DE PROYECTOS ', 'ACTIVO', 'INGENIERO DE SISTEMAS', '2018-07-23', NULL, '2018-07-24 10:59:21', '2018-10-18 11:34:57', NULL, 1),
	(99, 'DIAZ TORO FREDDY AUGUSTO', 'DIAZ', 'TORO', 'FREDDY', 'AUGUSTO', '580163', 'CC', '3156550739', 'AS400', 'INACTIVO', 'INGENIERO DE SISTEMAS', '2018-08-02', '2018-10-01', '2018-08-03 10:57:17', '2018-10-08 09:01:55', NULL, 0),
	(100, 'RIVERA TORRES CARLOS ARTURO', 'RIVERA', 'TORRES', 'CARLOS', 'ARTURO', '1022347096', 'CC', '3105751222', NULL, 'ACTIVO', 'INGENIERO DE SISTEMAS', '2018-08-01', NULL, '2018-08-08 08:58:28', '2018-08-27 11:24:13', NULL, 1),
	(101, 'RODRIGUEZ BECERRA LUIGY FABIAN', 'RODRIGUEZ', 'BECERRA', 'LUIGY', 'FABIAN', '80193133', 'CC', '3173778639', 'BPM ', 'ACTIVO', 'INGENIERO ELECTRONICO', '2018-08-10', NULL, '2018-08-13 11:47:25', '2018-10-18 11:34:57', NULL, 1),
	(102, 'AREVALO AREVALO FERNANDO ', 'AREVALO', 'AREVALO', 'FERNANDO', NULL, '1022990742', 'CC', '3107810115', 'JAVA ANGULAR ', 'INACTIVO', 'TECNOLO EN SISTEMAS DE INFORMACIÓN ', '2018-08-23', '2018-09-27', '2018-08-23 11:35:03', '2018-10-01 14:19:53', NULL, 0),
	(103, 'LATORRE RINCON JONATHAN ALPHONSSO', 'LATORRE', 'RINCON', 'JONATHAN', 'ALPHONSSO', '80851085', 'CC', '3183939777', 'DATAPOWER', 'ACTIVO', 'INGENIERO ELECTRONICO ', '2018-08-27', NULL, '2018-08-27 10:07:33', '2018-09-03 10:34:55', NULL, 1),
	(104, 'SALAMANCA GUEVARA MARIA ALEJANDRA', 'SALAMANCA', 'GUEVARA', 'MARIA', 'ALEJANDRA', '1019080344', 'CC', '3208160688', 'BROKER ', 'ACTIVO', 'INGENIERO DE SISTEMAS', '2018-08-27', NULL, '2018-08-27 10:09:17', '2018-10-18 11:34:57', NULL, 1),
	(105, 'ROBLES ROLDAN ERWIN EDUARDO', 'ROBLES', 'ROLDAN', 'ERWIN', 'EDUARDO', '80169823', 'CC', '3112082214', 'DEVOPS', 'ACTIVO', 'INGENIERO DE SISTEMAS', '2018-09-17', NULL, '2018-09-20 10:32:40', '2018-10-18 11:34:57', NULL, 1),
	(106, 'HIDALGO VARELA RONALD LEONARDO', 'HIDALGO', 'VARELA', 'RONALD', 'LEONARDO', '80819811', 'CC', '3194805782', 'ISO 27001', 'ACTIVO', 'INGENIERO DE SISTEMAS', '2018-10-01', NULL, '2018-10-01 14:14:51', '2018-10-01 14:17:38', NULL, 1),
	(107, 'ALONSO CASTELBLANCO WILFFER', 'ALONSO', 'CASTELBLANCO', 'WILFFER', NULL, '1022939415', 'CC', '3045954312', 'IIB ', 'ACTIVO', 'INGENIERO DE SISTEMAS', '2018-10-01', NULL, '2018-10-01 14:17:20', '2018-10-18 11:34:57', NULL, 1),
	(108, 'IBAÑEZ PEÑA INGRID PAOLA', 'IBAÑEZ', 'PEÑA', 'INGRID', 'PAOLA', '1075669345', 'CC', '3203006012', 'TESTING', 'ACTIVO', 'INGENIERA DE SISTEMAS', '2018-10-11', '2018-10-12', '2018-10-09 15:47:02', '2018-10-12 10:41:44', NULL, 1),
	(109, 'MONTES ROZO JAVIER ALDAIR', 'MONTES', 'ROZO', 'JAVIER', 'ALDAIR', '1031128927', 'CC', '3057121215', 'JAVA', 'ACTIVO', 'INGENIERO DE SISTEMAS', '2018-10-17', NULL, '2018-10-17 10:45:48', '2018-10-22 09:16:53', NULL, 1),
	(110, 'MESA COLLAZOS LUIS FELIPE', 'MESA', 'COLLAZOS', 'LUIS', 'FELIPE', '1024554024', 'CC', '3125081269', 'ANGULAR', 'ACTIVO', 'TECNOLOGO EN SISTEMATIZACIÓN DE DATOS', '2018-10-25', NULL, '2018-10-25 15:30:31', '2018-10-25 10:31:42', NULL, 1);
/*!40000 ALTER TABLE `personas` ENABLE KEYS */;

-- Volcando datos para la tabla assistoperaciones.proyecto: ~0 rows (aproximadamente)
DELETE FROM `proyecto`;
/*!40000 ALTER TABLE `proyecto` DISABLE KEYS */;
/*!40000 ALTER TABLE `proyecto` ENABLE KEYS */;

-- Volcando datos para la tabla assistoperaciones.proylinneg: ~34 rows (aproximadamente)
DELETE FROM `proylinneg`;
/*!40000 ALTER TABLE `proylinneg` DISABLE KEYS */;
INSERT INTO `proylinneg` (`proyLinNegID`, `lineanegocio_linNegID`, `proyecto_ProyID`, `proyLinNegTipo`, `created_at`, `updated_at`, `proyLinNeg_Usuario`, `proyLinNegEstado`) VALUES
	(1, 2, 27, NULL, '2018-10-01 16:24:39', '2018-10-01 16:24:39', NULL, 1),
	(2, 4, 30, NULL, '2018-10-01 16:24:47', '2018-10-01 16:24:47', NULL, 1),
	(3, 1, 1, NULL, '2018-10-01 16:24:55', '2018-10-01 16:24:55', NULL, 1),
	(4, 1, 2, NULL, '2018-10-01 16:25:05', '2018-10-01 16:25:05', NULL, 1),
	(5, 1, 3, NULL, '2018-10-01 16:25:14', '2018-10-01 16:25:14', NULL, 1),
	(6, 1, 4, NULL, '2018-10-01 16:25:22', '2018-10-01 16:25:22', NULL, 1),
	(7, 3, 5, NULL, '2018-10-01 16:25:30', '2018-10-01 16:25:30', NULL, 1),
	(8, 2, 6, NULL, '2018-10-01 16:25:39', '2018-10-01 16:25:39', NULL, 1),
	(9, 3, 7, NULL, '2018-10-01 16:25:54', '2018-10-01 16:25:54', NULL, 1),
	(10, 1, 8, NULL, '2018-10-01 16:27:06', '2018-10-01 16:27:06', NULL, 1),
	(11, 2, 9, NULL, '2018-10-01 16:27:34', '2018-10-01 16:27:34', NULL, 1),
	(12, 1, 10, NULL, '2018-10-01 16:27:46', '2018-10-01 16:27:46', NULL, 1),
	(13, 1, 11, NULL, '2018-10-01 16:27:58', '2018-10-01 16:27:58', NULL, 1),
	(14, 1, 12, NULL, '2018-10-01 16:28:11', '2018-10-01 16:28:11', NULL, 1),
	(15, 2, 13, NULL, '2018-10-01 16:28:23', '2018-10-01 16:28:23', NULL, 1),
	(16, 1, 14, NULL, '2018-10-01 16:28:33', '2018-10-01 16:28:33', NULL, 1),
	(17, 4, 15, NULL, '2018-10-01 16:28:48', '2018-10-01 16:28:48', NULL, 1),
	(18, 1, 16, NULL, '2018-10-01 16:28:59', '2018-10-01 16:28:59', NULL, 1),
	(19, 3, 17, NULL, '2018-10-01 16:29:14', '2018-10-01 16:29:14', NULL, 1),
	(20, 2, 18, NULL, '2018-10-01 16:29:25', '2018-10-01 16:29:30', NULL, 1),
	(21, 2, 19, NULL, '2018-10-01 16:29:42', '2018-10-01 16:29:42', NULL, 1),
	(22, 1, 20, NULL, '2018-10-01 16:29:54', '2018-10-01 16:29:54', NULL, 1),
	(23, 4, 21, NULL, '2018-10-01 16:30:01', '2018-10-01 16:30:01', NULL, 1),
	(24, 1, 22, NULL, '2018-10-01 16:30:10', '2018-10-01 16:30:10', NULL, 1),
	(25, 3, 23, NULL, '2018-10-01 16:30:18', '2018-10-01 16:30:18', NULL, 1),
	(26, 1, 24, NULL, '2018-10-01 16:30:27', '2018-10-01 16:30:27', NULL, 1),
	(27, 4, 25, NULL, '2018-10-01 16:30:37', '2018-10-01 16:30:37', NULL, 1),
	(28, 1, 26, NULL, '2018-10-01 16:30:45', '2018-10-01 16:30:45', NULL, 1),
	(29, 1, 28, NULL, '2018-10-01 16:31:01', '2018-10-01 16:31:01', NULL, 1),
	(30, 1, 29, NULL, '2018-10-01 16:31:12', '2018-10-01 16:31:12', NULL, 1),
	(31, 1, 31, NULL, '2018-10-01 16:31:26', '2018-10-01 16:31:26', NULL, 1),
	(32, 1, 33, NULL, '2018-10-01 16:31:36', '2018-10-01 16:31:36', NULL, 1),
	(33, 4, 32, NULL, '2018-10-01 16:31:52', '2018-10-01 16:31:52', NULL, 1),
	(34, 4, 34, NULL, '2018-10-01 16:32:00', '2018-10-01 16:32:00', NULL, 1);
/*!40000 ALTER TABLE `proylinneg` ENABLE KEYS */;

-- Volcando datos para la tabla assistoperaciones.proyserv: ~0 rows (aproximadamente)
DELETE FROM `proyserv`;
/*!40000 ALTER TABLE `proyserv` DISABLE KEYS */;
/*!40000 ALTER TABLE `proyserv` ENABLE KEYS */;

-- Volcando datos para la tabla assistoperaciones.recfisofc: ~0 rows (aproximadamente)
DELETE FROM `recfisofc`;
/*!40000 ALTER TABLE `recfisofc` DISABLE KEYS */;
/*!40000 ALTER TABLE `recfisofc` ENABLE KEYS */;

-- Volcando datos para la tabla assistoperaciones.recursosfisicos: ~131 rows (aproximadamente)
DELETE FROM `recursosfisicos`;
/*!40000 ALTER TABLE `recursosfisicos` DISABLE KEYS */;
INSERT INTO `recursosfisicos` (`RecFisID`, `RecFisCod`, `RecFisTipo`, `created_at`, `updated_at`, `RecFis_usuario`, `RecFis_Estado`) VALUES
	(1, 1, 'LOCKER', '2018-10-02 10:01:54', '2018-10-02 10:01:54', NULL, 1),
	(2, 2, 'LOCKER', '2018-10-02 10:01:54', '2018-10-02 10:01:54', NULL, 1),
	(3, 3, 'LOCKER', '2018-10-02 10:01:54', '2018-10-02 10:01:54', NULL, 1),
	(4, 4, 'LOCKER', '2018-10-02 10:01:54', '2018-10-02 10:01:54', NULL, 1),
	(5, 5, 'LOCKER', '2018-10-02 10:01:54', '2018-10-02 10:01:54', NULL, 1),
	(6, 6, 'LOCKER', '2018-10-02 10:01:54', '2018-10-02 10:01:54', NULL, 1),
	(7, 7, 'LOCKER', '2018-10-02 10:01:54', '2018-10-02 10:01:54', NULL, 1),
	(8, 8, 'LOCKER', '2018-10-02 10:01:54', '2018-10-02 10:01:54', NULL, 1),
	(9, 9, 'LOCKER', '2018-10-02 10:01:54', '2018-10-02 10:01:54', NULL, 1),
	(10, 10, 'LOCKER', '2018-10-02 10:01:54', '2018-10-02 10:01:54', NULL, 1),
	(11, 11, 'LOCKER', '2018-10-02 10:01:54', '2018-10-02 10:01:54', NULL, 1),
	(12, 12, 'LOCKER', '2018-10-02 10:01:54', '2018-10-02 10:01:54', NULL, 1),
	(13, 13, 'LOCKER', '2018-10-02 10:01:54', '2018-10-02 10:01:54', NULL, 1),
	(14, 14, 'LOCKER', '2018-10-02 10:01:54', '2018-10-02 10:01:54', NULL, 1),
	(15, 15, 'LOCKER', '2018-10-02 10:01:54', '2018-10-02 10:01:54', NULL, 1),
	(16, 16, 'LOCKER', '2018-10-02 10:01:54', '2018-10-02 10:01:54', NULL, 1),
	(17, 17, 'LOCKER', '2018-10-02 10:01:54', '2018-10-02 10:01:54', NULL, 1),
	(18, 18, 'LOCKER', '2018-10-02 10:01:54', '2018-10-02 10:01:54', NULL, 1),
	(19, 19, 'LOCKER', '2018-10-02 10:01:54', '2018-10-02 10:01:54', NULL, 1),
	(20, 20, 'LOCKER', '2018-10-02 10:01:54', '2018-10-02 10:01:54', NULL, 1),
	(21, 21, 'LOCKER', '2018-10-02 10:01:54', '2018-10-02 10:01:54', NULL, 1),
	(22, 22, 'LOCKER', '2018-10-02 10:01:54', '2018-10-02 10:01:54', NULL, 1),
	(23, 23, 'LOCKER', '2018-10-02 10:01:54', '2018-10-02 10:01:54', NULL, 1),
	(24, 24, 'LOCKER', '2018-10-02 10:01:54', '2018-10-02 10:01:54', NULL, 1),
	(25, 25, 'LOCKER', '2018-10-02 10:01:54', '2018-10-02 10:01:54', NULL, 1),
	(26, 26, 'LOCKER', '2018-10-02 10:01:54', '2018-10-02 10:01:54', NULL, 1),
	(27, 27, 'LOCKER', '2018-10-02 10:01:54', '2018-10-02 10:01:54', NULL, 1),
	(28, 28, 'LOCKER', '2018-10-02 10:01:54', '2018-10-02 10:01:54', NULL, 1),
	(29, 29, 'LOCKER', '2018-10-02 10:01:54', '2018-10-02 10:01:54', NULL, 1),
	(30, 30, 'LOCKER', '2018-10-02 10:01:54', '2018-10-02 10:01:54', NULL, 1),
	(31, 31, 'LOCKER', '2018-10-02 10:01:54', '2018-10-02 10:01:54', NULL, 1),
	(32, 32, 'LOCKER', '2018-10-02 10:01:54', '2018-10-02 10:01:54', NULL, 1),
	(33, 33, 'LOCKER', '2018-10-02 10:01:54', '2018-10-02 10:01:54', NULL, 1),
	(34, 34, 'LOCKER', '2018-10-02 10:01:54', '2018-10-02 10:01:54', NULL, 1),
	(35, 35, 'LOCKER', '2018-10-02 10:01:54', '2018-10-02 10:01:54', NULL, 1),
	(36, 36, 'LOCKER', '2018-10-02 10:01:54', '2018-10-02 10:01:54', NULL, 1),
	(37, 37, 'LOCKER', '2018-10-02 10:01:54', '2018-10-02 10:01:54', NULL, 1),
	(38, 38, 'LOCKER', '2018-10-02 10:01:54', '2018-10-02 10:01:54', NULL, 1),
	(39, 39, 'LOCKER', '2018-10-02 10:01:54', '2018-10-02 10:01:54', NULL, 1),
	(40, 40, 'LOCKER', '2018-10-02 10:01:54', '2018-10-02 10:01:54', NULL, 1),
	(41, 41, 'LOCKER', '2018-10-02 10:01:54', '2018-10-02 10:01:54', NULL, 1),
	(42, 42, 'LOCKER', '2018-10-02 10:01:54', '2018-10-02 10:01:54', NULL, 1),
	(43, 43, 'LOCKER', '2018-10-02 10:01:54', '2018-10-02 10:01:54', NULL, 1),
	(44, 44, 'LOCKER', '2018-10-02 10:01:54', '2018-10-02 10:01:54', NULL, 1),
	(45, 45, 'LOCKER', '2018-10-02 10:01:54', '2018-10-02 10:01:54', NULL, 1),
	(46, 46, 'LOCKER', '2018-10-02 10:01:54', '2018-10-02 10:01:54', NULL, 1),
	(47, 47, 'LOCKER', '2018-10-02 10:01:54', '2018-10-02 10:01:54', NULL, 1),
	(48, 48, 'LOCKER', '2018-10-02 10:01:54', '2018-10-02 10:01:54', NULL, 1),
	(49, 49, 'LOCKER', '2018-10-02 10:01:54', '2018-10-02 10:01:54', NULL, 1),
	(50, 50, 'LOCKER', '2018-10-02 10:01:54', '2018-10-02 10:01:54', NULL, 1),
	(51, 51, 'LOCKER', '2018-10-02 10:01:54', '2018-10-02 10:01:54', NULL, 1),
	(52, 52, 'LOCKER', '2018-10-02 10:01:54', '2018-10-02 10:01:54', NULL, 1),
	(53, 53, 'LOCKER', '2018-10-02 10:01:54', '2018-10-02 10:01:54', NULL, 1),
	(54, 54, 'LOCKER', '2018-10-02 10:01:54', '2018-10-02 10:01:54', NULL, 1),
	(55, 55, 'LOCKER', '2018-10-02 10:01:54', '2018-10-02 10:01:54', NULL, 1),
	(56, 56, 'LOCKER', '2018-10-02 10:01:54', '2018-10-02 10:01:54', NULL, 1),
	(57, 57, 'LOCKER', '2018-10-02 10:01:54', '2018-10-02 10:01:54', NULL, 1),
	(58, 58, 'LOCKER', '2018-10-02 10:01:54', '2018-10-02 10:01:54', NULL, 1),
	(59, 59, 'LOCKER', '2018-10-02 10:01:54', '2018-10-02 10:01:54', NULL, 1),
	(60, 60, 'LOCKER', '2018-10-02 10:01:54', '2018-10-02 10:01:54', NULL, 1),
	(61, 61, 'LOCKER', '2018-10-02 10:01:54', '2018-10-02 10:01:54', NULL, 1),
	(62, 62, 'LOCKER', '2018-10-02 10:01:55', '2018-10-02 10:01:55', NULL, 1),
	(63, 63, 'LOCKER', '2018-10-02 10:01:55', '2018-10-02 10:01:55', NULL, 1),
	(64, 64, 'LOCKER', '2018-10-02 10:01:55', '2018-10-02 10:01:55', NULL, 1),
	(65, 65, 'LOCKER', '2018-10-02 10:01:55', '2018-10-02 10:01:55', NULL, 1),
	(66, 66, 'LOCKER', '2018-10-02 10:01:55', '2018-10-02 10:01:55', NULL, 1),
	(67, 67, 'LOCKER', '2018-10-02 10:01:55', '2018-10-02 10:01:55', NULL, 1),
	(68, 68, 'LOCKER', '2018-10-02 10:01:55', '2018-10-02 10:01:55', NULL, 1),
	(69, 69, 'LOCKER', '2018-10-02 10:01:55', '2018-10-02 10:01:55', NULL, 1),
	(70, 70, 'LOCKER', '2018-10-02 10:01:55', '2018-10-02 10:01:55', NULL, 1),
	(71, 1, 'PUESTO DE TRABAJO', '2018-10-02 10:04:48', '2018-10-02 10:04:48', NULL, 1),
	(72, 2, 'PUESTO DE TRABAJO', '2018-10-02 10:04:48', '2018-10-02 10:04:48', NULL, 1),
	(73, 3, 'PUESTO DE TRABAJO', '2018-10-02 10:04:48', '2018-10-02 10:04:48', NULL, 1),
	(74, 4, 'PUESTO DE TRABAJO', '2018-10-02 10:04:48', '2018-10-02 10:04:48', NULL, 1),
	(75, 5, 'PUESTO DE TRABAJO', '2018-10-02 10:04:48', '2018-10-02 10:04:48', NULL, 1),
	(76, 6, 'PUESTO DE TRABAJO', '2018-10-02 10:04:48', '2018-10-02 10:04:48', NULL, 1),
	(77, 7, 'PUESTO DE TRABAJO', '2018-10-02 10:04:48', '2018-10-02 10:04:48', NULL, 1),
	(78, 8, 'PUESTO DE TRABAJO', '2018-10-02 10:04:48', '2018-10-02 10:04:48', NULL, 1),
	(79, 9, 'PUESTO DE TRABAJO', '2018-10-02 10:04:48', '2018-10-02 10:04:48', NULL, 1),
	(80, 10, 'PUESTO DE TRABAJO', '2018-10-02 10:04:48', '2018-10-02 10:04:48', NULL, 1),
	(81, 11, 'PUESTO DE TRABAJO', '2018-10-02 10:04:48', '2018-10-02 10:04:48', NULL, 1),
	(82, 12, 'PUESTO DE TRABAJO', '2018-10-02 10:04:48', '2018-10-02 10:04:48', NULL, 1),
	(83, 13, 'PUESTO DE TRABAJO', '2018-10-02 10:04:48', '2018-10-02 10:04:48', NULL, 1),
	(84, 14, 'PUESTO DE TRABAJO', '2018-10-02 10:04:48', '2018-10-02 10:04:48', NULL, 1),
	(85, 15, 'PUESTO DE TRABAJO', '2018-10-02 10:04:48', '2018-10-02 10:04:48', NULL, 1),
	(86, 16, 'PUESTO DE TRABAJO', '2018-10-02 10:04:48', '2018-10-02 10:04:48', NULL, 1),
	(87, 17, 'PUESTO DE TRABAJO', '2018-10-02 10:04:48', '2018-10-02 10:04:48', NULL, 1),
	(88, 18, 'PUESTO DE TRABAJO', '2018-10-02 10:04:48', '2018-10-02 10:04:48', NULL, 1),
	(89, 19, 'PUESTO DE TRABAJO', '2018-10-02 10:04:48', '2018-10-02 10:04:48', NULL, 1),
	(90, 20, 'PUESTO DE TRABAJO', '2018-10-02 10:04:48', '2018-10-02 10:04:48', NULL, 1),
	(91, 21, 'PUESTO DE TRABAJO', '2018-10-02 10:04:48', '2018-10-02 10:04:48', NULL, 1),
	(92, 22, 'PUESTO DE TRABAJO', '2018-10-02 10:04:48', '2018-10-02 10:04:48', NULL, 1),
	(93, 23, 'PUESTO DE TRABAJO', '2018-10-02 10:04:48', '2018-10-02 10:04:48', NULL, 1),
	(94, 24, 'PUESTO DE TRABAJO', '2018-10-02 10:04:48', '2018-10-02 10:04:48', NULL, 1),
	(95, 25, 'PUESTO DE TRABAJO', '2018-10-02 10:04:48', '2018-10-02 10:04:48', NULL, 1),
	(96, 26, 'PUESTO DE TRABAJO', '2018-10-02 10:04:48', '2018-10-02 10:04:48', NULL, 1),
	(97, 27, 'PUESTO DE TRABAJO', '2018-10-02 10:04:48', '2018-10-02 10:04:48', NULL, 1),
	(98, 28, 'PUESTO DE TRABAJO', '2018-10-02 10:04:48', '2018-10-02 10:04:48', NULL, 1),
	(99, 29, 'PUESTO DE TRABAJO', '2018-10-02 10:04:48', '2018-10-02 10:04:48', NULL, 1),
	(100, 30, 'PUESTO DE TRABAJO', '2018-10-02 10:04:48', '2018-10-02 10:04:48', NULL, 1),
	(101, 31, 'PUESTO DE TRABAJO', '2018-10-02 10:04:48', '2018-10-02 10:04:48', NULL, 1),
	(102, 32, 'PUESTO DE TRABAJO', '2018-10-02 10:04:48', '2018-10-02 10:04:48', NULL, 1),
	(103, 33, 'PUESTO DE TRABAJO', '2018-10-02 10:04:48', '2018-10-02 10:04:48', NULL, 1),
	(104, 34, 'PUESTO DE TRABAJO', '2018-10-02 10:04:48', '2018-10-02 10:04:48', NULL, 1),
	(105, 35, 'PUESTO DE TRABAJO', '2018-10-02 10:04:48', '2018-10-02 10:04:48', NULL, 1),
	(106, 36, 'PUESTO DE TRABAJO', '2018-10-02 10:04:48', '2018-10-02 10:04:48', NULL, 1),
	(107, 37, 'PUESTO DE TRABAJO', '2018-10-02 10:04:48', '2018-10-02 10:04:48', NULL, 1),
	(108, 38, 'PUESTO DE TRABAJO', '2018-10-02 10:04:48', '2018-10-02 10:04:48', NULL, 1),
	(109, 39, 'PUESTO DE TRABAJO', '2018-10-02 10:04:48', '2018-10-02 10:04:48', NULL, 1),
	(110, 40, 'PUESTO DE TRABAJO', '2018-10-02 10:04:48', '2018-10-02 10:04:48', NULL, 1),
	(111, 41, 'PUESTO DE TRABAJO', '2018-10-02 10:04:48', '2018-10-02 10:04:48', NULL, 1),
	(112, 42, 'PUESTO DE TRABAJO', '2018-10-02 10:04:48', '2018-10-02 10:04:48', NULL, 1),
	(113, 43, 'PUESTO DE TRABAJO', '2018-10-02 10:04:48', '2018-10-02 10:04:48', NULL, 1),
	(114, 44, 'PUESTO DE TRABAJO', '2018-10-02 10:04:48', '2018-10-02 10:04:48', NULL, 1),
	(115, 45, 'PUESTO DE TRABAJO', '2018-10-02 10:04:48', '2018-10-02 10:04:48', NULL, 1),
	(116, 46, 'PUESTO DE TRABAJO', '2018-10-02 10:04:48', '2018-10-02 10:04:48', NULL, 1),
	(117, 47, 'PUESTO DE TRABAJO', '2018-10-02 10:04:48', '2018-10-02 10:04:48', NULL, 1),
	(118, 48, 'PUESTO DE TRABAJO', '2018-10-02 10:04:48', '2018-10-02 10:04:48', NULL, 1),
	(119, 49, 'PUESTO DE TRABAJO', '2018-10-02 10:04:48', '2018-10-02 10:04:48', NULL, 1),
	(120, 50, 'PUESTO DE TRABAJO', '2018-10-02 10:04:48', '2018-10-02 10:04:48', NULL, 1),
	(121, 51, 'PUESTO DE TRABAJO', '2018-10-02 10:04:48', '2018-10-02 10:04:48', NULL, 1),
	(122, 52, 'PUESTO DE TRABAJO', '2018-10-02 10:04:48', '2018-10-02 10:04:48', NULL, 1),
	(123, 53, 'PUESTO DE TRABAJO', '2018-10-02 10:04:48', '2018-10-02 10:04:48', NULL, 1),
	(124, 54, 'PUESTO DE TRABAJO', '2018-10-02 10:04:48', '2018-10-02 10:04:48', NULL, 1),
	(125, 55, 'PUESTO DE TRABAJO', '2018-10-02 10:04:48', '2018-10-02 10:04:48', NULL, 1),
	(126, 56, 'PUESTO DE TRABAJO', '2018-10-02 10:04:48', '2018-10-02 10:04:48', NULL, 1),
	(127, 57, 'PUESTO DE TRABAJO', '2018-10-02 10:04:48', '2018-10-02 10:04:48', NULL, 1),
	(128, 58, 'PUESTO DE TRABAJO', '2018-10-02 10:04:49', '2018-10-02 10:04:49', NULL, 1),
	(129, 59, 'PUESTO DE TRABAJO', '2018-10-02 10:04:49', '2018-10-02 10:04:49', NULL, 1),
	(130, 60, 'PUESTO DE TRABAJO', '2018-10-02 10:04:49', '2018-10-02 10:04:49', NULL, 1),
	(131, 61, 'PUESTO DE TRABAJO', '2018-10-02 10:04:49', '2018-10-02 10:04:49', NULL, 1);
/*!40000 ALTER TABLE `recursosfisicos` ENABLE KEYS */;

-- Volcando datos para la tabla assistoperaciones.servicios: ~21 rows (aproximadamente)
DELETE FROM `servicios`;
/*!40000 ALTER TABLE `servicios` DISABLE KEYS */;
INSERT INTO `servicios` (`ServId`, `ServNombre`, `created_at`, `updated_at`, `ServUsuario`, `ServEstado`) VALUES
	(1, 'INTERNET DE LAS COSAS', '2018-10-02 13:40:33', '2018-10-02 13:40:33', NULL, 1),
	(2, 'BLOCKCHAIN', '2018-10-02 13:40:54', '2018-10-02 13:40:54', NULL, 1),
	(3, 'INTELIGENCIA EMPRESARIAL', '2018-10-02 13:41:05', '2018-10-02 13:41:05', NULL, 1),
	(4, 'BIG DATA', '2018-10-02 13:41:15', '2018-10-02 13:41:15', NULL, 1),
	(5, 'INTELIGENCIA ARTIFICIAL', '2018-10-02 13:41:26', '2018-10-02 13:41:26', NULL, 1),
	(6, 'REALIDAD AUMENTADA', '2018-10-02 13:41:37', '2018-10-02 13:41:37', NULL, 1),
	(7, 'REALIDAD VIRTUAL', '2018-10-02 13:41:49', '2018-10-02 13:41:49', NULL, 1),
	(8, 'ASISTENTES VIRTUALES', '2018-10-02 13:41:59', '2018-10-02 13:41:59', NULL, 1),
	(9, 'CHATBOTS', '2018-10-02 13:42:10', '2018-10-02 13:42:10', NULL, 1),
	(10, 'ROBOTIC PROCESS AUTOMATION (RPA)', '2018-10-02 13:42:37', '2018-10-02 13:42:37', NULL, 1),
	(11, 'CRM BASADO EN PROCESOS', '2018-10-02 13:42:43', '2018-10-02 13:42:43', NULL, 1),
	(12, 'AUTOMATIZACION DE PROCESOS', '2018-10-02 13:49:03', '2018-10-02 13:49:03', NULL, 1),
	(13, 'ARQUITECTURA EMPRESARIAL', '2018-10-02 13:49:17', '2018-10-02 13:49:17', NULL, 1),
	(14, 'INTEGRACION', '2018-10-02 13:49:21', '2018-10-02 13:49:21', NULL, 1),
	(15, 'CONTENEDORES', '2018-10-02 13:49:28', '2018-10-02 13:49:28', NULL, 1),
	(16, 'DESARROLLO A LA MEDIDA', '2018-10-02 14:14:16', '2018-10-02 14:14:16', NULL, 1),
	(17, 'SERVICIOS GESTIONADOS', '2018-10-02 14:14:32', '2018-10-02 14:14:32', NULL, 1),
	(18, 'FABRICA DE SOFTWARE', '2018-10-02 14:14:38', '2018-10-02 14:14:38', NULL, 1),
	(19, 'CAPACITACIONES', '2018-10-02 14:14:48', '2018-10-02 14:14:48', NULL, 1),
	(20, 'STAFFING', '2018-10-02 14:14:55', '2018-10-02 14:14:55', NULL, 1),
	(21, 'SOPORTE', '2018-10-02 14:14:59', '2018-10-02 14:14:59', NULL, 1);
/*!40000 ALTER TABLE `servicios` ENABLE KEYS */;

-- Volcando datos para la tabla assistoperaciones.users: ~0 rows (aproximadamente)
DELETE FROM `users`;
/*!40000 ALTER TABLE `users` DISABLE KEYS */;
INSERT INTO `users` (`id`, `name`, `email`, `phone`, `indenty`, `password`, `usuRol`, `usuEstate`, `remember_token`, `created_at`, `updated_at`) VALUES
	(1, 'NILDIERT', 'niljordan23@gmail.com', 3192164645, 1012398271, '$2y$10$0mVK6Kcbuxnp9tHSBvHAxelw.Bs9f.O.jUJHcfudbCT/r6mu27AqS', 1, 0, NULL, '2018-10-01 19:55:07', '2018-10-01 19:55:07');
/*!40000 ALTER TABLE `users` ENABLE KEYS */;

/*!40101 SET SQL_MODE=IFNULL(@OLD_SQL_MODE, '') */;
/*!40014 SET FOREIGN_KEY_CHECKS=IF(@OLD_FOREIGN_KEY_CHECKS IS NULL, 1, @OLD_FOREIGN_KEY_CHECKS) */;
/*!40101 SET CHARACTER_SET_CLIENT=@OLD_CHARACTER_SET_CLIENT */;
